<?xml version="1.0" encoding="UTF-8" standalone="yes"?>
<?xml-stylesheet type="text/xsl" href="modx.prosilver.en.xsl"?>
<!--NOTICE: Please open this file in your web browser. If presented with a security warning, you may safely tell it to allow the blocked content.-->
<!--For security purposes, please check: http://www.phpbb.com/mods/ for the latest version of this MOD.\nAlthough MODs are checked before being allowed in the MODs Database there is no guarantee that there are no security problems within the MOD.\nNo support will be given for MODs not found within the MODs Database which can be found at http://www.phpbb.com/mods/-->
<mod xmlns:xsi="http://www.w3.org/2001/XMLSchema-instance" xmlns="https://www.phpbb.com/mods/xml/modx-1.2.6.xsd">
	<header>
		<meta name="generator" content="MODX file generated with PP MODX Creator by tumba25 (online version)"/>
		<license><![CDATA[http://opensource.org/licenses/gpl-license.php GNU General Public License v2]]></license>
		<title lang="en"><![CDATA[Share On for http://www.phpBB-SEO.com SEO TOOLKIT]]></title>
		<description lang="en"><![CDATA[With Share On MOD, users can share the topics in the following social networks:
- Facebook
- Twitter
- Digg
- Reddit
- Orkut
- Delicious
- VK
- Tuenti
- Sonico
- Friendfeed
- Tumblr
- Google+

You can follow the development through the repository: http://goo.gl/zGvsP

** FEATURES **
- ACP module to manage the MOD.
- Each button can be enabled/disabled individually.
- Buttons position.
- Check version: displays when a new version is available.]]></description>
		<author-group>
			<author>
				<realname><![CDATA[Salva]]></realname>
				<username><![CDATA[Saske1]]></username>
				<homepage><![CDATA[http://www.phpbb-es.com/]]></homepage>
				<email><![CDATA[salva_bxt@hotmail.com]]></email>
			</author>
			<author>
				<realname><![CDATA[Marcus Vinicius]]></realname>
				<username><![CDATA[_Vinny_]]></username>
				<homepage><![CDATA[http://www.suportephpbb.com.br]]></homepage>
				<email><![CDATA[vinny@suportephpbb.com.br]]></email>
				<contributions-group>
					<contributions status="current" from="2011-07-03" position="Developer"/>
				</contributions-group>
			</author>
		</author-group>
		<mod-version>2.2.0</mod-version>
		<installation>
			<level>easy</level>
			<time>240</time>
			<target-version>3.0.12</target-version>
		</installation>
		<link-group>
			<link type="parent" href="../install.xml" lang="en">Main Install</link>
		</link-group>
	</header>
	<action-group>
		<open src="viewtopic.php">
			<edit>
				<find><![CDATA[		// Share On 2.1.1 MOD
		'U_FACEBOOK'	=> "http://www.facebook.com/share.$phpEx?u=" . generate_board_url() . "/viewtopic.$phpEx?t=". $topic_data['topic_id'],
		'U_TWITTER'	=> 'http://twitter.com/?status=' . $topic_data['topic_title'] . '&nbsp;' . generate_board_url() . "/viewtopic.$phpEx?t=" . $topic_data['topic_id'],
		'U_DIGG'	=> 'http://digg.com/submit?phase=2&amp;url=' . generate_board_url() . "/viewtopic.$phpEx?t=". $topic_data['topic_id'] . '&amp;title=' . $topic_data['topic_title'],
		'U_REDDIT'	=> 'http://www.reddit.com/submit?url=' . generate_board_url() . "/viewtopic.$phpEx?t=". $topic_data['topic_id'],
		'U_DELICIOUS' 	=> 'http://delicious.com/post?url=' . generate_board_url() . "/viewtopic.$phpEx?t=". $topic_data['topic_id'] . '&amp;title=' . $topic_data['topic_title'],		
		'U_TECHNORATI'	=> 'http://technorati.com/faves?add=' . generate_board_url() . "/viewtopic.$phpEx?t=". $topic_data['topic_id'],
		'U_TUENTI'	=> 'http://www.tuenti.com/?m=Share&amp;func=index&amp;url=' . generate_board_url() . "/viewtopic.$phpEx?t=". $topic_data['topic_id'],
		'U_SONICO'	=> "http://www.sonico.com/share.$phpEx?title=" . generate_board_url() . "/viewtopic.$phpEx?t=". $topic_data['topic_id'],
		'U_FRIENDFEED'	=> 'http://friendfeed.com/share?url=' . generate_board_url() . "/viewtopic.$phpEx?t=". $topic_data['topic_id'],
		'U_TUMBLR'	=> 'http://www.tumblr.com/share/link?url=' . urlencode(generate_board_url() . "/viewtopic.$phpEx?t=". ($topic_data['topic_id'])) . '&amp;name=' . ($topic_data['topic_title']),
		'U_GOOGLE'	=> 'https://plus.google.com/share?url=' . generate_board_url() . "/viewtopic.$phpEx?t=". $topic_data['topic_id'],
		// Share On 2.1.1 MOD]]></find>
				<action type="replace-with"><![CDATA[		// Share On 2.1.1 MOD
		// www.phpBB-SEO.com SEO TOOLKIT BEGIN
		'U_FACEBOOK'	=> "http://www.facebook.com/share.$phpEx?u=" . (!empty($phpbb_seo->seo_opt['url_rewrite']) ? $phpbb_seo->drop_sid($viewtopic_url) : generate_board_url() . "/viewtopic.$phpEx?f=$forum_id&amp;t=$topic_id"),
		'U_TWITTER'	=> 'http://twitter.com/?status=' . $topic_data['topic_title'] . '&nbsp;' . (!empty($phpbb_seo->seo_opt['url_rewrite']) ? $phpbb_seo->drop_sid($viewtopic_url) : generate_board_url() . "/viewtopic.$phpEx?f=$forum_id&amp;t=$topic_id"),
		'U_DIGG'	=> 'http://digg.com/submit?phase=2&amp;url=' . (!empty($phpbb_seo->seo_opt['url_rewrite']) ? $phpbb_seo->drop_sid($viewtopic_url) : generate_board_url() . "/viewtopic.$phpEx?f=$forum_id&amp;t=$topic_id"),
		'U_REDDIT'	=> 'http://www.reddit.com/submit?url=' . (!empty($phpbb_seo->seo_opt['url_rewrite']) ? $phpbb_seo->drop_sid($viewtopic_url) : generate_board_url() . "/viewtopic.$phpEx?f=$forum_id&amp;t=$topic_id"),
		'U_DELICIOUS' 	=> 'http://delicious.com/post?url=' . (!empty($phpbb_seo->seo_opt['url_rewrite']) ? $phpbb_seo->drop_sid($viewtopic_url) : generate_board_url() . "/viewtopic.$phpEx?f=$forum_id&amp;t=$topic_id"),
		'U_TECHNORATI'	=> 'http://technorati.com/faves?add=' . (!empty($phpbb_seo->seo_opt['url_rewrite']) ? $phpbb_seo->drop_sid($viewtopic_url) : generate_board_url() . "/viewtopic.$phpEx?f=$forum_id&amp;t=$topic_id"),
		'U_TUENTI'	=> 'http://www.tuenti.com/?m=Share&amp;func=index&amp;url=' . (!empty($phpbb_seo->seo_opt['url_rewrite']) ? $phpbb_seo->drop_sid($viewtopic_url) : generate_board_url() . "/viewtopic.$phpEx?f=$forum_id&amp;t=$topic_id"),
		'U_SONICO'	=> "http://www.sonico.com/share.$phpEx?title=" . (!empty($phpbb_seo->seo_opt['url_rewrite']) ? $phpbb_seo->drop_sid($viewtopic_url) : generate_board_url() . "/viewtopic.$phpEx?f=$forum_id&amp;t=$topic_id"),
		'U_FRIENDFEED'	=> 'http://friendfeed.com/share?url=' . (!empty($phpbb_seo->seo_opt['url_rewrite']) ? $phpbb_seo->drop_sid($viewtopic_url) : generate_board_url() . "/viewtopic.$phpEx?f=$forum_id&amp;t=$topic_id"),
		'U_TUMBLR'	=> 'http://www.tumblr.com/share/link?url=' . (!empty($phpbb_seo->seo_opt['url_rewrite']) ? $phpbb_seo->drop_sid($viewtopic_url) : urlencode(generate_board_url() . "/viewtopic.$phpEx?f=$forum_id&amp;t=$topic_id")) . '&amp;name=' . ($topic_data['topic_title']),
		'U_GOOGLE'	=> 'https://plus.google.com/share?url='. (!empty($phpbb_seo->seo_opt['url_rewrite']) ? $phpbb_seo->drop_sid($viewtopic_url) : generate_board_url() . "/viewtopic.$phpEx?f=$forum_id&amp;t=$topic_id"),
		// www.phpBB-SEO.com SEO TOOLKIT BEGIN
		// Share On 2.1.1 MOD]]></action>
			</edit>
		</open>
	</action-group>
</mod>
