<?xml version="1.0" encoding="UTF-8" standalone="yes"?>
<?xml-stylesheet type="text/xsl" href="modx.prosilver.en.xsl"?>
<!--NOTICE: Please open this file in your web browser. If presented with a security warning, you may safely tell it to allow the blocked content.-->
<!--For security purposes, please check: http://www.phpbb.com/mods/ for the latest version of this MOD.\nAlthough MODs are checked before being allowed in the MODs Database there is no guarantee that there are no security problems within the MOD.\nNo support will be given for MODs not found within the MODs Database which can be found at http://www.phpbb.com/mods/-->
<mod xmlns:xsi="http://www.w3.org/2001/XMLSchema-instance" xmlns="https://www.phpbb.com/mods/xml/modx-1.2.6.xsd">
	<header>
		<meta name="generator" content="MODX file generated with PP MODX Creator by tumba25 (online version)"/>
		<license><![CDATA[http://opensource.org/licenses/gpl-license.php GNU General Public License v2]]></license>
		<title lang="en"><![CDATA[Share On - French Translation]]></title>
		<description lang="en"><![CDATA[With Share On MOD, users can share the topics in the following social networks:
- Facebook
- Twitter
- Digg
- Reddit
- Orkut
- Delicious
- VK
- Tuenti
- Sonico
- Friendfeed
- Tumblr
- Google+
- MySpace

You can follow the development through the repository: http://goo.gl/zGvsP]]></description>
		<author-group>
			<author>
				<realname><![CDATA[Maël Soucaze]]></realname>
				<username><![CDATA[Maël Soucaze]]></username>
				<homepage><![CDATA[http://www.maelsoucaze.com/]]></homepage>
			</author>
		</author-group>
		<mod-version>2.2.0</mod-version>
		<installation>
			<level>easy</level>
			<time>120</time>
			<target-version>3.0.12</target-version>
		</installation>
		<link-group>
			<link type="parent" href="../install.xml" lang="en">Main Install</link>
		</link-group>
	</header>
	<action-group>
		<copy>
			<file from="root/language/fr/mods/info_acp_shareon.php" to="language/fr/mods/info_acp_shareon.php"/>
		</copy>
	</action-group>
</mod>
