<?xml version="1.0" encoding="UTF-8" standalone="yes"?>
<?xml-stylesheet type="text/xsl" href="modx.prosilver.en.xsl"?>
<!--NOTICE: Please open this file in your web browser. If presented with a security warning, you may safely tell it to allow the blocked content.-->
<!--For security purposes, please check: http://www.phpbb.com/mods/ for the latest version of this MOD.\nAlthough MODs are checked before being allowed in the MODs Database there is no guarantee that there are no security problems within the MOD.\nNo support will be given for MODs not found within the MODs Database which can be found at http://www.phpbb.com/mods/-->
<mod xmlns:xsi="http://www.w3.org/2001/XMLSchema-instance" xmlns="https://www.phpbb.com/mods/xml/modx-1.2.6.xsd">
	<header>
		<meta name="generator" content="MODX file generated with PP MODX Creator by tumba25 (online version)"/>
		<license><![CDATA[http://opensource.org/licenses/gpl-license.php GNU General Public License v2]]></license>
		<title lang="en"><![CDATA[Share On - Install in Subsilver2]]></title>
		<description lang="en"><![CDATA[With Share On MOD, users can share the topics in the following social networks:
- Facebook
- Twitter
- Digg
- Reddit
- Orkut
- Delicious
- VK
- Tuenti
- Sonico
- Friendfeed
- Tumblr
- Google+
- MySpace

You can follow the development through the repository: http://goo.gl/zGvsP]]></description>
		<author-notes lang="en"><![CDATA[If you want to contribute to the development of this MOD, consider making a donation visiting: http://goo.gl/erGPa]]></author-notes>
		<author-group>
			<author>
				<realname><![CDATA[Salva]]></realname>
				<username><![CDATA[Saske1]]></username>
				<homepage><![CDATA[http://www.phpbb-es.com/]]></homepage>
				<email><![CDATA[salva_bxt@hotmail.com]]></email>
				<contributions-group>
					<contributions status="current" from="2011-06-07" position="Developer"/>
				</contributions-group>
			</author>
			<author>
				<realname><![CDATA[Marcus Vinicius]]></realname>
				<username><![CDATA[_Vinny_]]></username>
				<homepage><![CDATA[vinny@suportephpbb.com.br]]></homepage>
				<email><![CDATA[vinny@suportephpbb.com.br]]></email>
				<contributions-group>
					<contributions status="current" from="2011-07-03" position="Developer"/>
				</contributions-group>
			</author>
			<author>
				<realname><![CDATA[Jaymie Meeley]]></realname>
				<username><![CDATA[Jaymie1989]]></username>
				<homepage><![CDATA[http://www.jaymie1989.co.uk/]]></homepage>
				<contributions-group>
					<contributions status="past" from="2010-01-20" to="2011-06-07" position="Developer"/>
				</contributions-group>
			</author>
			<author>
				<realname><![CDATA[Jesus Dominguez]]></realname>
				<username><![CDATA[JesusADS]]></username>
				<homepage><![CDATA[http://www.puntonokia.com/]]></homepage>
				<email><![CDATA[jesus.ads@puntonokia.com]]></email>
				<contributions-group>
					<contributions status="past" from="2009-11-04" to="2010-01-19" position="Developer"/>
				</contributions-group>
			</author>
		</author-group>
		<mod-version>2.2.0</mod-version>
		<installation>
			<level>easy</level>
			<time>240</time>
			<target-version>3.0.12</target-version>
		</installation>
		<link-group>
			<link type="parent" href="../install.xml" lang="en">Main Install</link>
		</link-group>
	</header>
	<action-group>
		<copy>
			<file from="root/styles/subsilver2/theme/images/share_on_buttons/*.*" to="styles/subsilver2/theme/images/share_on_buttons/*.*"/>
		</copy>
		<open src="styles/subsilver2/template/viewtopic_body.html">
			<edit>
				<find><![CDATA[								<!-- IF postrow.U_REPORT --><a href="{postrow.U_REPORT}">{REPORT_IMG}</a> <!-- ENDIF -->]]></find>
				<action type="before-add"><![CDATA[<!-- Share_On_2.2.0_MOD -->
<!-- IF postrow.S_SO_POSITION eq 1 -->
	<!-- IF postrow.S_SO_STATUS -->
		<!-- IF postrow.S_SO_TYPE eq 0 || postrow.S_FIRST_ROW -->
			<!-- IF postrow.S_SO_FACEBOOK --><a href="<!-- IF postrow.S_SO_TYPE eq 1 -->{postrow.U_FACEBOOK}<!-- ELSE -->{postrow.U_FACEBOOK_POST}<!-- ENDIF -->" onclick="window.open(this.href);return false;" title="{L_SHARE_ON_FACEBOOK}"><img src="{T_THEME_PATH}/images/share_on_buttons/shareon_facebook.png" alt="{L_SHARE_ON_FACEBOOK}" /></a><!-- ENDIF -->

			<!-- IF postrow.S_SO_TWITTER --><a href="<!-- IF postrow.S_SO_TYPE eq 1 -->{postrow.U_TWITTER}<!-- ELSE -->{postrow.U_TWITTER_POST}<!-- ENDIF -->" onclick="window.open(this.href);return false;" title="{L_SHARE_ON_TWITTER}"><img src="{T_THEME_PATH}/images/share_on_buttons/shareon_twitter.png" alt="{L_SHARE_ON_TWITTER}" /></a><!-- ENDIF -->

			<!-- IF postrow.S_SO_TUENTI --><a href="<!-- IF postrow.S_SO_TYPE eq 1 -->{postrow.U_TUENTI}<!-- ELSE -->{postrow.U_TUENTI_POST}<!-- ENDIF -->" onclick="window.open(this.href);return false;" title="{L_SHARE_ON_TUENTI}"><img src="{T_THEME_PATH}/images/share_on_buttons/shareon_tuenti.png" alt="{L_SHARE_ON_TUENTI}" /></a><!-- ENDIF -->

			<!-- IF postrow.S_SO_SONICO --><a href="<!-- IF postrow.S_SO_TYPE eq 1 -->{postrow.U_SONICO}<!-- ELSE -->{postrow.U_SONICO_POST}<!-- ENDIF -->" onclick="window.open(this.href);return false;" title="{L_SHARE_ON_SONICO}"><img src="{T_THEME_PATH}/images/share_on_buttons/shareon_sonico.png" alt="{L_SHARE_ON_SONICO}" /></a><!-- ENDIF -->

			<!-- IF postrow.S_SO_FRIENDFEED --><a href="<!-- IF postrow.S_SO_TYPE eq 1 -->{postrow.U_FRIENDFEED}<!-- ELSE -->{postrow.U_FRIENDFEED_POST}<!-- ENDIF -->" onclick="window.open(this.href);return false;" title="{L_SHARE_ON_FRIENDFEED}"><img src="{T_THEME_PATH}/images/share_on_buttons/shareon_friendfeed.png" alt="{L_SHARE_ON_FRIENDFEED}" /></a><!-- ENDIF -->

			<!-- IF postrow.S_SO_ORKUT --><a title="{L_SHARE_ON_ORKUT}" href="javascript:(function(){var d=document,l=d.location,e=encodeURIComponent,u='http://promote.orkut.com/preview?src=bkmrklt&amp;v=1&amp;nt=orkut.com&amp;du='+e(l.href)+'&amp;tt='+e(d.title),s='&amp;rdrinl=1';if(!window.open(u,'','height=575,width=700,directories=0,location=1,menubar=0,resizable=0,scrollbars=1,status=1,toolbar=0'))l.href=u+s;})();"><img src="{T_THEME_PATH}/images/share_on_buttons/shareon_orkut.gif" alt="{L_SHARE_ON_ORKUT}" /></a><!-- ENDIF -->

			<!-- IF postrow.S_SO_DIGG --><a href="<!-- IF postrow.S_SO_TYPE eq 1 -->{postrow.U_DIGG}<!-- ELSE -->{postrow.U_DIGG_POST}<!-- ENDIF -->" onclick="window.open(this.href);return false;" title="{L_SHARE_ON_DIGG}"><img src="{T_THEME_PATH}/images/share_on_buttons/shareon_digg.gif" alt="{L_SHARE_ON_DIGG}" /></a><!-- ENDIF -->

			<!-- IF postrow.S_SO_REDDIT --><a href="<!-- IF postrow.S_SO_TYPE eq 1 -->{postrow.U_REDDIT}<!-- ELSE -->{postrow.U_REDDIT_POST}<!-- ENDIF -->" onclick="window.open(this.href);return false;" title="{L_SHARE_ON_REDDIT}"><img src="{T_THEME_PATH}/images/share_on_buttons/shareon_reddit.png" alt="{L_SHARE_ON_REDDIT}" /></a><!-- ENDIF -->

			<!-- IF postrow.S_SO_DELICIOUS --><a href="<!-- IF postrow.S_SO_TYPE eq 1 -->{postrow.U_DELICIOUS}<!-- ELSE -->{postrow.U_DELICIOUS_POST}<!-- ENDIF -->" onclick="window.open(this.href);return false;" title="{L_SHARE_ON_DELICIOUS}"><img src="{T_THEME_PATH}/images/share_on_buttons/shareon_delicious.gif" alt="{L_SHARE_ON_DELICIOUS}" /></a><!-- ENDIF -->

			<!-- IF postrow.S_SO_VK --><a href="<!-- IF postrow.S_SO_TYPE eq 1 -->{postrow.U_VK}<!-- ELSE -->{postrow.U_VK_POST}<!-- ENDIF -->" onclick="window.open(this.href);return false;" title="{L_SHARE_ON_VK}"><img src="{T_THEME_PATH}/images/share_on_buttons/shareon_vk.png" alt="{L_SHARE_ON_VK}" /></a><!-- ENDIF -->

			<!-- IF postrow.S_SO_TUMBLR --><a href="<!-- IF postrow.S_SO_TYPE eq 1 -->{postrow.U_TUMBLR}<!-- ELSE -->{postrow.U_TUMBLR_POST}<!-- ENDIF -->" onclick="window.open(this.href);return false;" title="{L_SHARE_ON_TUMBLR}"><img src="{T_THEME_PATH}/images/share_on_buttons/shareon_tumblr.png" alt="{L_SHARE_ON_TUMBLR}" /></a><!-- ENDIF -->

			<!-- IF postrow.S_SO_GOOGLE --><a href="<!-- IF postrow.S_SO_TYPE eq 1 -->{postrow.U_GOOGLE}<!-- ELSE -->{postrow.U_GOOGLE_POST}<!-- ENDIF -->" onclick="window.open(this.href);return false;" title="{L_SHARE_ON_GOOGLE}"><img src="{T_THEME_PATH}/images/share_on_buttons/shareon_google.gif" alt="{L_SHARE_ON_GOOGLE}" /></a><!-- ENDIF -->

			<!-- IF postrow.S_SO_MYSPACE --><a href="<!-- IF postrow.S_SO_TYPE eq 1 -->{postrow.U_MYSPACE}<!-- ELSE -->{postrow.U_MYSPACE_POST}<!-- ENDIF -->" onclick="window.open(this.href);return false;" title="{L_SHARE_ON_MYSPACE}"><img src="{T_THEME_PATH}/images/share_on_buttons/shareon_myspace.png" alt="{L_SHARE_ON_MYSPACE}" /></a><!-- ENDIF -->
		<!-- ENDIF -->
	<!-- ENDIF -->
<!-- ENDIF -->
<!-- Share_On_2.2.0_MOD -->]]></action>
			</edit>
			<edit>
				<find><![CDATA[<!-- END postrow -->]]></find>
				<action type="before-add"><![CDATA[<!-- Share_On_2.2.0_MOD -->
<!-- IF postrow.S_SO_POSITION eq 0 -->
	<!-- IF postrow.S_SO_STATUS and postrow.S_FIRST_ROW -->
<br clear="all" />
<h4>{L_SO_SELECT}</h4>
	<table align="center" width="100%">
		<tr align="center">
			<!-- IF postrow.S_SO_FACEBOOK --><td align="{S_CONTENT_FLOW_END}"><a href="{postrow.U_FACEBOOK}" onclick="window.open(this.href);return false;" title="{L_SHARE_ON_FACEBOOK}"><img src="{T_THEME_PATH}/images/share_on_buttons/shareon_facebook.png" alt="{L_SHARE_ON_FACEBOOK}" /></a></td>
			<td align="{S_CONTENT_FLOW_BEGIN}"><a href="{postrow.U_FACEBOOK}" onclick="window.open(this.href);return false;">{L_SO_FACEBOOK}</a></td><!-- ENDIF -->

			<!-- IF postrow.S_SO_TWITTER --><td align="{S_CONTENT_FLOW_END}"><a href="{postrow.U_TWITTER}" onclick="window.open(this.href);return false;" title="{L_SHARE_ON_TWITTER}"><img src="{T_THEME_PATH}/images/share_on_buttons/shareon_twitter.png" alt="{L_SHARE_ON_TWITTER}" /></a></td>
			<td align="{S_CONTENT_FLOW_BEGIN}"><a href="{postrow.U_TWITTER}" onclick="window.open(this.href);return false;">{L_SO_TWITTER}</a></td><!-- ENDIF -->

			<!-- IF postrow.S_SO_TUENTI --><td align="{S_CONTENT_FLOW_END}"><a href="{postrow.U_TUENTI}" onclick="window.open(this.href);return false;" title="{L_SHARE_ON_TUENTI}"><img src="{T_THEME_PATH}/images/share_on_buttons/shareon_tuenti.png" alt="{L_SHARE_ON_TUENTI}" /></a></td>
			<td align="{S_CONTENT_FLOW_BEGIN}"><a href="{postrow.U_TUENTI}" onclick="window.open(this.href);return false;">{L_SO_TUENTI}</a></td><!-- ENDIF -->

			<!-- IF postrow.S_SO_SONICO --><td align="{S_CONTENT_FLOW_END}"><a href="{postrow.U_SONICO}" onclick="window.open(this.href);return false;" title="{L_SHARE_ON_SONICO}"><img src="{T_THEME_PATH}/images/share_on_buttons/shareon_sonico.png" alt="{L_SHARE_ON_SONICO}" /></a></td>
			<td align="{S_CONTENT_FLOW_BEGIN}"><a href="{postrow.U_SONICO}" onclick="window.open(this.href);return false;">{L_SO_SONICO}</a></td><!-- ENDIF -->

			<!-- IF postrow.S_SO_FRIENDFEED --><td align="{S_CONTENT_FLOW_END}"><a href="{postrow.U_FRIENDFEED}" onclick="window.open(this.href);return false;" title="{L_SHARE_ON_FRIENDFEED}"><img src="{T_THEME_PATH}/images/share_on_buttons/shareon_friendfeed.png" alt="{L_SHARE_ON_FRIENDFEED}" /></a></td>
			<td align="{S_CONTENT_FLOW_BEGIN}"><a href="{postrow.U_FRIENDFEED}" onclick="window.open(this.href);return false;">{L_SO_FRIENDFEED}</a></td><!-- ENDIF -->

			<!-- IF postrow.S_SO_ORKUT --><td align="{S_CONTENT_FLOW_END}"><a title="{L_SHARE_ON_ORKUT}" href="javascript:(function(){var d=document,l=d.location,e=encodeURIComponent,u='http://promote.orkut.com/preview?src=bkmrklt&amp;v=1&amp;nt=orkut.com&amp;du='+e(l.href)+'&amp;tt='+e(d.title),s='&amp;rdrinl=1';if(!window.open(u,'','height=575,width=700,directories=0,location=1,menubar=0,resizable=0,scrollbars=1,status=1,toolbar=0'))l.href=u+s;})();" ><img src="{T_THEME_PATH}/images/share_on_buttons/shareon_orkut.gif" alt="{L_SHARE_ON_ORKUT}" /></a></td>
			<td align="{S_CONTENT_FLOW_BEGIN}"><a href="javascript:(function(){var d=document,l=d.location,e=encodeURIComponent,u='http://promote.orkut.com/preview?src=bkmrklt&amp;v=1&amp;nt=orkut.com&amp;du='+e(l.href)+'&amp;tt='+e(d.title),s='&amp;rdrinl=1';if(!window.open(u,'','height=575,width=700,directories=0,location=1,menubar=0,resizable=0,scrollbars=1,status=1,toolbar=0'))l.href=u+s;})();">{L_SO_ORKUT}</a></td><!-- ENDIF -->

			<!-- IF postrow.S_SO_DIGG --><td align="{S_CONTENT_FLOW_END}"><a href="{postrow.U_DIGG}" onclick="window.open(this.href);return false;" title="{L_SHARE_ON_DIGG}"><img src="{T_THEME_PATH}/images/share_on_buttons/shareon_digg.gif" alt="{L_SHARE_ON_DIGG}" /></a></td>
			<td align="{S_CONTENT_FLOW_BEGIN}"><a href="{postrow.U_DIGG}" onclick="window.open(this.href);return false;">{L_SO_DIGG}</a></td><!-- ENDIF -->

			<!-- IF postrow.S_SO_REDDIT --><td align="{S_CONTENT_FLOW_END}"><a href="{postrow.U_REDDIT}" onclick="window.open(this.href);return false;" title="{L_SHARE_ON_REDDIT}"><img src="{T_THEME_PATH}/images/share_on_buttons/shareon_reddit.png" alt="{L_SHARE_ON_REDDIT}" /></a></td>
			<td align="{S_CONTENT_FLOW_BEGIN}"><a href="{postrow.U_REDDIT}" onclick="window.open(this.href);return false;">{L_SO_REDDIT}</a></td><!-- ENDIF -->

			<!-- IF postrow.S_SO_DELICIOUS --><td align="{S_CONTENT_FLOW_END}"><a href="{postrow.U_DELICIOUS}" onclick="window.open(this.href);return false;" title="{L_SHARE_ON_DELICIOUS}"><img src="{T_THEME_PATH}/images/share_on_buttons/shareon_delicious.gif" alt="{L_SHARE_ON_DELICIOUS}" /></a></td>
			<td align="{S_CONTENT_FLOW_BEGIN}"><a href="{postrow.U_DELICIOUS}" onclick="window.open(this.href);return false;">{L_SO_DELICIOUS}</a></td><!-- ENDIF -->

			<!-- IF postrow.S_SO_VK --><td align="{S_CONTENT_FLOW_END}"><a href="{postrow.U_VK}" onclick="window.open(this.href);return false;" title="{L_SHARE_ON_VK}"><img src="{T_THEME_PATH}/images/share_on_buttons/shareon_vk.png" alt="{L_SHARE_ON_VK}" /></a></td>
			<td align="{S_CONTENT_FLOW_BEGIN}"><a href="{postrow.U_VK}" onclick="window.open(this.href);return false;">{L_SO_VK}</a></td><!-- ENDIF -->

			<!-- IF postrow.S_SO_TUMBLR --><td align="{S_CONTENT_FLOW_END}"><a href="{postrow.U_TUMBLR}" onclick="window.open(this.href);return false;" title="{L_SHARE_ON_TUMBLR}"><img src="{T_THEME_PATH}/images/share_on_buttons/shareon_tumblr.png" alt="{L_SHARE_ON_TUMBLR}" /></a></td>
			<td align="{S_CONTENT_FLOW_BEGIN}"><a href="{postrow.U_TUMBLR}" onclick="window.open(this.href);return false;">{L_SO_TUMBLR}</a></td><!-- ENDIF -->

			<!-- IF postrow.S_SO_GOOGLE --><td align="{S_CONTENT_FLOW_END}"><a href="{postrow.U_GOOGLE}" onclick="window.open(this.href);return false;" title="{L_SHARE_ON_GOOGLE}"><img src="{T_THEME_PATH}/images/share_on_buttons/shareon_google.gif" alt="{L_SHARE_ON_GOOGLE}"/></a></td>
			<td align="{S_CONTENT_FLOW_BEGIN}"><a href="{postrow.U_GOOGLE}" onclick="window.open(this.href);return false;">{L_SO_GOOGLE}</a></td><!-- ENDIF -->

			<!-- IF postrow.S_SO_MYSPACE --><td align="{S_CONTENT_FLOW_END}"><a href="{postrow.U_MYSPACE}" onclick="window.open(this.href);return false;" title="{L_SHARE_ON_MYSPACE}"><img src="{T_THEME_PATH}/images/share_on_buttons/shareon_myspace.png" alt="{L_SHARE_ON_MYSPACE}"/></a></td>
			<td align="{S_CONTENT_FLOW_BEGIN}"><a href="{postrow.U_MYSPACE}" onclick="window.open(this.href);return false;">{L_SO_MYSPACE}</a></td><!-- ENDIF -->
		</tr>   			
	</table>
<br clear="all" />
	<!-- ENDIF -->
<!-- ENDIF -->
<!-- Share_On_2.2.0_MOD -->]]></action>
			</edit>
		</open>
		<diy-instructions lang="en"><![CDATA[Purge the cache and refresh the subsilver2 template.]]></diy-instructions>
	</action-group>
</mod>
