<?xml version="1.0" encoding="UTF-8" standalone="yes"?>
<?xml-stylesheet type="text/xsl" href="modx.prosilver.en.xsl"?>
<!--NOTICE: Please open this file in your web browser. If presented with a security warning, you may safely tell it to allow the blocked content.-->
<!--For security purposes, please check: http://www.phpbb.com/mods/ for the latest version of this MOD.\nAlthough MODs are checked before being allowed in the MODs Database there is no guarantee that there are no security problems within the MOD.\nNo support will be given for MODs not found within the MODs Database which can be found at http://www.phpbb.com/mods/-->
<mod xmlns:xsi="http://www.w3.org/2001/XMLSchema-instance" xmlns="https://www.phpbb.com/mods/xml/modx-1.2.6.xsd">
	<header>
		<meta name="generator" content="MODX file generated with PP MODX Creator by tumba25 (online version)"/>
		<license><![CDATA[http://opensource.org/licenses/gpl-license.php GNU General Public License v2]]></license>
		<title lang="en"><![CDATA[Share On - Update from 2.1.0 to 2.1.1]]></title>
		<description lang="en"><![CDATA[With Share On MOD, users can share the topics in the following social networks:
- Facebook
- Twitter
- Digg
- Reddit
- Orkut
- Delicious
- Technorati
- Tuenti
- Sonico
- Friendfeed
- Tumblr
- Google+

You can follow the development through the repository: http://goo.gl/zGvsP

** FEATURES **
- ACP module to manage the MOD.
- Each button can be enabled/disabled individually.
- Buttons position.
- Check version: displays when a new version is available.]]></description>
		<author-group>
			<author>
				<realname><![CDATA[Salva]]></realname>
				<username><![CDATA[Saske1]]></username>
				<homepage><![CDATA[http://www.phpbb-es.com/]]></homepage>
				<email><![CDATA[salva_bxt@hotmail.com]]></email>
				<contributions-group>
					<contributions status="current" from="2011-06-07" position="Developer"/>
				</contributions-group>
			</author>
			<author>
				<realname><![CDATA[Marcus Vinicius]]></realname>
				<username><![CDATA[_Vinny_]]></username>
				<homepage><![CDATA[http://www.suportephpbb.com.br]]></homepage>
				<email><![CDATA[vinny@suportephpbb.com.br]]></email>
				<contributions-group>
					<contributions status="current" from="2011-07-03" position="Developer"/>
				</contributions-group>
			</author>
		</author-group>
		<mod-version>2.1.1</mod-version>
		<installation>
			<level>easy</level>
			<time>240</time>
			<target-version>3.0.12</target-version>
		</installation>
		<link-group>
			<link type="parent" href="../install.xml" lang="en">Main Install</link>
		</link-group>
	</header>
	<action-group>
		<copy>
			<file from="root/adm/style/acp_shareon.html" to="adm/style/acp_shareon.html"/>
			<file from="root/includes/acp/acp_shareon.php" to="includes/acp/acp_shareon.php"/>
			<file from="root/includes/acp/info/acp_shareon.php" to="includes/acp/info/acp_shareon.php"/>
			<file from="root/language/en/mods/info_acp_shareon.php" to="language/en/mods/info_acp_shareon.php"/>
			<file from="root/styles/prosilver/imageset/en/share_on_buttons/*.*" to="styles/prosilver/imageset/en/share_on_buttons/*.*"/>
			<file from="root/umil/*.*" to="umil/*.*"/>
			<file from="root/install.php" to="install.php"/>
		</copy>
		<open src="viewtopic.php">
			<edit>
				<remove><![CDATA[$user->add_lang('mods/info_acp_shareon');]]></remove>
			</edit>
			<edit>
				<find><![CDATA[// Setup look and feel
$user->setup('viewtopic', $topic_data['forum_style']);]]></find>
				<action type="before-add"><![CDATA[$user->add_lang('mods/info_acp_shareon');]]></action>
			</edit>
			<edit>
				<find><![CDATA[		'U_MYSPACE'	=> 'http://www.myspace.com/Modules/PostTo/Pages/?u=' . generate_board_url() . "/viewtopic.$phpEx?t=". $topic_data['topic_id'] . '&amp;t=' . $topic_data['topic_title'],]]></find>
				<action type="replace-with"><![CDATA[		'U_REDDIT'	=> 'http://www.reddit.com/submit?url=' . generate_board_url() . "/viewtopic.$phpEx?t=". $topic_data['topic_id'],]]></action>
			</edit>
			<edit>
				<find><![CDATA[		'S_SO_MYSPACE'		=> (!empty($config['so_myspace'])) ? true : false,]]></find>
				<action type="replace-with"><![CDATA[		'S_SO_REDDIT'		=> (!empty($config['so_reddit'])) ? true : false,]]></action>
			</edit>
		</open>
		<open src="styles/prosilver/template/viewtopic_body.html">
			<edit>
				<find><![CDATA[							<!-- IF postrow.S_SO_MYSPACE --><li class="myspace-icon"><a href="{postrow.U_MYSPACE}" title="{L_SHARE_ON_MYSPACE}" onclick="window.open(this.href);return false;"><span>{L_SHARE_ON_MYSPACE}</span></a></li><!-- ENDIF -->]]></find>
				<action type="replace-with"><![CDATA[							<!-- IF postrow.S_SO_REDDIT --><li class="reddit-icon"><a href="{postrow.U_REDDIT}" title="{L_SHARE_ON_REDDIT}" onclick="window.open(this.href);return false;"><span>{L_SHARE_ON_REDDIT}</span></a></li><!-- ENDIF -->]]></action>
			</edit>
			<edit>
				<find><![CDATA[							<!-- IF postrow.S_SO_MYSPACE --><td align="right"><a href="{postrow.U_MYSPACE}" onclick="window.open(this.href);return false;" title="{L_SHARE_ON_MYSPACE}"><img src="{T_IMAGESET_LANG_PATH}/share_on_buttons/shareon_myspace.png" alt="{L_SHARE_ON_MYSPACE}" /></a></td>
							<td><a href="{postrow.U_MYSPACE}" onclick="window.open(this.href);return false;">{L_SO_MYSPACE}</a></td> <!-- ENDIF -->]]></find>
				<action type="replace-with"><![CDATA[							<!-- IF postrow.S_SO_REDDIT --><td align="right"><a href="{postrow.U_REDDIT}" onclick="window.open(this.href);return false;" title="{L_SHARE_ON_REDDIT}"><img src="{T_IMAGESET_LANG_PATH}/share_on_buttons/shareon_reddit.png" alt="{L_SHARE_ON_REDDIT}" /></a></td>
							<td><a href="{postrow.U_REDDIT}" onclick="window.open(this.href);return false;">{L_SO_REDDIT}</a></td> <!-- ENDIF -->]]></action>
			</edit>
		</open>
		<open src="styles/prosilver/theme/buttons.css">
			<edit>
				<find><![CDATA[.myspace-icon, .myspace-icon a		{ background: none top left no-repeat; }]]></find>
				<action type="replace-with"><![CDATA[.reddit-icon, .reddit-icon a		{ background: none top left no-repeat; }]]></action>
			</edit>
			<edit>
				<find><![CDATA[ul.profile-icons li.myspace-icon		{ width: 20px; height: 20px; }]]></find>
				<action type="replace-with"><![CDATA[ul.profile-icons li.reddit-icon		{ width: 20px; height: 20px; }]]></action>
			</edit>
		</open>
		<open src="styles/prosilver/theme/colours.css">
			<edit>
				<find><![CDATA[.myspace-icon, .myspace-icon a		{ background-image: url("{T_IMAGESET_LANG_PATH}/share_on_buttons/shareon_myspace.png"); }]]></find>
				<action type="replace-with"><![CDATA[.reddit-icon, .reddit-icon a		{ background-image: url("{T_IMAGESET_LANG_PATH}/share_on_buttons/shareon_reddit.png"); }]]></action>
			</edit>
		</open>
		<php-installer><![CDATA[install.php]]></php-installer>
	</action-group>
</mod>
