<?xml version="1.0" encoding="UTF-8" standalone="yes"?>
<?xml-stylesheet type="text/xsl" href="modx.prosilver.en.xsl"?>
<!--NOTICE: Please open this file in your web browser. If presented with a security warning, you may safely tell it to allow the blocked content.-->
<!--For security purposes, please check: http://www.phpbb.com/mods/ for the latest version of this MOD.\nAlthough MODs are checked before being allowed in the MODs Database there is no guarantee that there are no security problems within the MOD.\nNo support will be given for MODs not found within the MODs Database which can be found at http://www.phpbb.com/mods/-->
<mod xmlns:xsi="http://www.w3.org/2001/XMLSchema-instance" xmlns="https://www.phpbb.com/mods/xml/modx-1.2.6.xsd">
	<header>
		<meta name="generator" content="MODX file generated with PP MODX Creator by tumba25 (online version)"/>
		<license><![CDATA[http://opensource.org/licenses/gpl-license.php GNU General Public License v2]]></license>
		<title lang="en"><![CDATA[Share On - Update from 2.1.1 to 2.2.0]]></title>
		<description lang="en"><![CDATA[With Share On MOD, users can share the topics in the following social networks:
- Facebook
- Twitter
- Digg
- Reddit
- Orkut
- Delicious
- VK
- Tuenti
- Sonico
- Friendfeed
- Tumblr
- Google+
- MySpace

You can follow the development through the repository: http://goo.gl/zGvsP]]></description>
		<author-notes lang="en"><![CDATA[If you want to contribute to the development of this MOD, consider making a donation visiting: http://goo.gl/erGPa]]></author-notes>
		<author-group>
			<author>
				<realname><![CDATA[Salva]]></realname>
				<username><![CDATA[Saske1]]></username>
				<homepage><![CDATA[http://www.phpbb-es.com/]]></homepage>
				<email><![CDATA[salva_bxt@hotmail.com]]></email>
				<contributions-group>
					<contributions status="current" from="2011-06-07" position="Developer"/>
				</contributions-group>
			</author>
			<author>
				<realname><![CDATA[Marcus Vinicius]]></realname>
				<username><![CDATA[_Vinny_]]></username>
				<homepage><![CDATA[http://www.suportephpbb.com.br]]></homepage>
				<email><![CDATA[vinny@suportephpbb.com.br]]></email>
				<contributions-group>
					<contributions status="current" from="2011-07-03" position="Developer"/>
				</contributions-group>
			</author>
			<author>
				<realname><![CDATA[Jaymie Meeley]]></realname>
				<username><![CDATA[Jaymie1989]]></username>
				<homepage><![CDATA[http://www.jaymie1989.co.uk/]]></homepage>
				<contributions-group>
					<contributions status="past" from="2010-01-20" to="2011-06-07" position="Developer"/>
				</contributions-group>
			</author>
			<author>
				<realname><![CDATA[Jesus Dominguez]]></realname>
				<username><![CDATA[JesusADS]]></username>
				<homepage><![CDATA[http://www.puntonokia.com/]]></homepage>
				<email><![CDATA[jesus.ads@puntonokia.com]]></email>
				<contributions-group>
					<contributions status="past" from="2009-11-04" to="2010-01-19" position="Developer"/>
				</contributions-group>
			</author>
		</author-group>
		<mod-version>2.2.0</mod-version>
		<installation>
			<level>easy</level>
			<time>300</time>
			<target-version>3.0.12</target-version>
		</installation>
		<link-group>
			<link type="parent" href="../install.xml" lang="en">Main Install</link>
		</link-group>
	</header>
	<action-group>
		<copy>
			<file from="root/adm/style/acp_shareon.html" to="adm/style/acp_shareon.html"/>
			<file from="root/includes/acp/acp_shareon.php" to="includes/acp/acp_shareon.php"/>
			<file from="root/includes/acp/info/acp_shareon.php" to="includes/acp/info/acp_shareon.php"/>
			<file from="root/language/en/mods/info_acp_shareon.php" to="language/en/mods/info_acp_shareon.php"/>
			<file from="root/styles/prosilver/theme/images/share_on_buttons/*.*" to="styles/prosilver/theme/images/share_on_buttons/*.*"/>
			<file from="root/umil/*.*" to="umil/*.*"/>
			<file from="root/install.php" to="install.php"/>
		</copy>
		<open src="viewtopic.php">
			<edit>
				<find><![CDATA[		// Share On 2.1.1 MOD
		'U_FACEBOOK'	=> "http://www.facebook.com/share.$phpEx?u=" . generate_board_url() . "/viewtopic.$phpEx?t=". $topic_data['topic_id'],
		'U_TWITTER'	=> 'http://twitter.com/?status=' . $topic_data['topic_title'] . '&nbsp;' . generate_board_url() . "/viewtopic.$phpEx?t=" . $topic_data['topic_id'],
		'U_DIGG'	=> 'http://digg.com/submit?phase=2&amp;url=' . generate_board_url() . "/viewtopic.$phpEx?t=". $topic_data['topic_id'] . '&amp;title=' . $topic_data['topic_title'],
		'U_REDDIT'	=> 'http://www.reddit.com/submit?url=' . generate_board_url() . "/viewtopic.$phpEx?t=". $topic_data['topic_id'],
		'U_DELICIOUS' 	=> 'http://delicious.com/post?url=' . generate_board_url() . "/viewtopic.$phpEx?t=". $topic_data['topic_id'] . '&amp;title=' . $topic_data['topic_title'],		
		'U_TECHNORATI'	=> 'http://technorati.com/faves?add=' . generate_board_url() . "/viewtopic.$phpEx?t=". $topic_data['topic_id'],
		'U_TUENTI'	=> 'http://www.tuenti.com/?m=Share&amp;func=index&amp;url=' . generate_board_url() . "/viewtopic.$phpEx?t=". $topic_data['topic_id'],
		'U_SONICO'	=> "http://www.sonico.com/share.$phpEx?title=" . generate_board_url() . "/viewtopic.$phpEx?t=". $topic_data['topic_id'],
		'U_FRIENDFEED'	=> 'http://friendfeed.com/share?url=' . generate_board_url() . "/viewtopic.$phpEx?t=". $topic_data['topic_id'],
		'U_TUMBLR'	=> 'http://www.tumblr.com/share/link?url=' . urlencode(generate_board_url() . "/viewtopic.$phpEx?t=". ($topic_data['topic_id'])) . '&amp;name=' . ($topic_data['topic_title']),
		'U_GOOGLE'	=> 'https://plus.google.com/share?url=' . generate_board_url() . "/viewtopic.$phpEx?t=". $topic_data['topic_id'],
		// Share On 2.1.1 MOD]]></find>
				<action type="replace-with"><![CDATA[		// Share On 2.2.0 MOD
		'U_FACEBOOK'	=> 'http://www.facebook.com/share.php?t=' . urlencode($topic_data['topic_title']) . '&amp;u=' . urlencode(generate_board_url() . "/viewtopic.$phpEx?" . "f=$forum_id&t=$topic_id"),
		'U_FACEBOOK_POST'	=> 'http://www.facebook.com/share.php?t=' . urlencode($topic_data['topic_title']) . '&amp;u=' . urlencode(generate_board_url() . "/viewtopic.$phpEx" . '?p=' . $row['post_id'] . '#p' . $row['post_id']),
		'U_TWITTER'	=> 'https://twitter.com/share?text=' . urlencode($topic_data['topic_title']) .'&amp;url=' . urlencode(generate_board_url() . "/viewtopic.$phpEx?" . "f=$forum_id&t=$topic_id"),
		'U_TWITTER_POST'	=> 'http://twitter.com/share?text=' . urlencode($topic_data['topic_title']) . '&amp;url=' . urlencode(generate_board_url() . "/viewtopic.$phpEx" . '?p=' . $row['post_id'] . '#p' . $row['post_id']),
		'U_DIGG'	=> 'http://digg.com/submit?phase=2&amp;url=' . urlencode(generate_board_url() . "/viewtopic.$phpEx?". "f=$forum_id&t=$topic_id") . '&amp;title=' . urlencode($topic_data['topic_title']),
		'U_DIGG_POST'	=> 'http://digg.com/submit?phase=2&amp;url=' . urlencode(generate_board_url() . "/viewtopic.$phpEx" . '?p=' . $row['post_id'] . '#p' . $row['post_id']) . '&amp;title=' . urlencode($topic_data['topic_title']),
		'U_REDDIT'	=> 'http://www.reddit.com/submit?url=' . urlencode(generate_board_url() . "/viewtopic.$phpEx?". "f=$forum_id&t=$topic_id") . '&amp;title=' . urlencode($topic_data['topic_title']),
		'U_REDDIT_POST'	=> 'http://www.reddit.com/submit?url=' . urlencode(generate_board_url() . "/viewtopic.$phpEx" . '?p=' . $row['post_id'] . '#p' . $row['post_id']) . '&amp;title=' . urlencode($topic_data['topic_title']),
		'U_DELICIOUS' 	=> 'http://delicious.com/post?url=' . urlencode(generate_board_url() . "/viewtopic.$phpEx?". "f=$forum_id&t=$topic_id") . '&amp;title='. urlencode($topic_data['topic_title']),
		'U_DELICIOUS_POST' 	=> 'http://delicious.com/post?url=' . urlencode(generate_board_url() . "/viewtopic.$phpEx" . '?p=' . $row['post_id'] . '#p' . $row['post_id']) . '&amp;title='. urlencode($topic_data['topic_title']),
		'U_VK'		=> 'http://vk.com/share.php?url=' . urlencode(generate_board_url() . "/viewtopic.$phpEx?". "f=$forum_id&t=$topic_id"),
		'U_VK_POST'		=> 'http://vk.com/share.php?url=' . urlencode(generate_board_url() . "/viewtopic.$phpEx" . '?p=' . $row['post_id'] . '#p' . $row['post_id']),
		'U_TUENTI'	=> 'http://www.tuenti.com/?m=Share&amp;func=index&amp;suggested-text='. urlencode($topic_data['topic_title']) .'&amp;url=' . urlencode(generate_board_url() . "/viewtopic.$phpEx?". "f=$forum_id&t=$topic_id"),
		'U_TUENTI_POST'	=> 'http://www.tuenti.com/?m=Share&amp;func=index&amp;suggested-text='. urlencode($topic_data['topic_title']) .'&amp;url=' . urlencode(generate_board_url() . "/viewtopic.$phpEx" . '?p=' . $row['post_id'] . '#p' . $row['post_id']),
		'U_SONICO'	=> 'http://www.sonico.com/share.php?title='. urlencode($topic_data['topic_title']) .'&amp;url=' . urlencode(generate_board_url() . "/viewtopic.$phpEx?". "f=$forum_id&t=$topic_id"),
		'U_SONICO_POST'	=> 'http://www.sonico.com/share.php?title='. urlencode($topic_data['topic_title']) .'&amp;url=' . urlencode(generate_board_url() . "/viewtopic.$phpEx" . '?p=' . $row['post_id'] . '#p' . $row['post_id']),
		'U_FRIENDFEED'	=> 'http://friendfeed.com/share?url=' . urlencode(generate_board_url() . "/viewtopic.$phpEx?". "f=$forum_id&t=$topic_id"),
		'U_FRIENDFEED_POST'	=> 'http://friendfeed.com/share?url=' . urlencode(generate_board_url() . "/viewtopic.$phpEx" . '?p=' . $row['post_id'] . '#p' . $row['post_id']),
		'U_TUMBLR'	=> 'http://www.tumblr.com/share/link?url=' . urlencode(generate_board_url() . "/viewtopic.$phpEx?". "f=$forum_id&t=$topic_id") . '&amp;name=' . urlencode($topic_data['topic_title']),
		'U_TUMBLR_POST'	=> 'http://www.tumblr.com/share/link?url=' . urlencode(generate_board_url() . "/viewtopic.$phpEx" . '?p=' . $row['post_id'] . '#p' . $row['post_id']) . '&amp;name=' . urlencode($topic_data['topic_title']),
		'U_GOOGLE'	=> 'https://plus.google.com/share?url=' . urlencode(generate_board_url() . "/viewtopic.$phpEx?". "f=$forum_id&t=$topic_id"),
		'U_GOOGLE_POST'	=> 'https://plus.google.com/share?url=' . urlencode(generate_board_url() . "/viewtopic.$phpEx" . '?p=' . $row['post_id'] . '#p' . $row['post_id']),
		'U_MYSPACE'	=> 'http://www.myspace.com/Modules/PostTo/Pages/?u=' . urlencode(generate_board_url() . "/viewtopic.$phpEx?". "f=$forum_id&t=$topic_id") . '&amp;t=' . urlencode($topic_data['topic_title']),
		'U_MYSPACE_POST'	=> 'http://www.myspace.com/Modules/PostTo/Pages/?u=' . urlencode(generate_board_url() . "/viewtopic.$phpEx" . '?p=' . $row['post_id'] . '#p' . $row['post_id']) . '&amp;t=' . urlencode($topic_data['topic_title']),
		// Share On 2.2.0 MOD]]></action>
			</edit>
			<edit>
				<find><![CDATA[		// Share On 2.1.1 MOD
		'S_SO_STATUS'		=> (!empty($config['so_status'])) ? true : false,
		'S_SO_POSITION'		=> (!empty($config['so_position'])) ? true : false,
		'S_SO_FACEBOOK'		=> (!empty($config['so_facebook'])) ? true : false,
		'S_SO_TWITTER'		=> (!empty($config['so_twitter'])) ? true : false,
		'S_SO_TUENTI'		=> (!empty($config['so_tuenti'])) ? true : false,
		'S_SO_SONICO'		=> (!empty($config['so_sonico'])) ? true : false,
		'S_SO_FRIENDFEED'	=> (!empty($config['so_friendfeed'])) ? true : false,
		'S_SO_ORKUT'		=> (!empty($config['so_orkut'])) ? true : false,
		'S_SO_DIGG'			=> (!empty($config['so_digg'])) ? true : false,
		'S_SO_REDDIT'		=> (!empty($config['so_reddit'])) ? true : false,
		'S_SO_DELICIOUS' 	=> (!empty($config['so_delicious'])) ? true : false,
		'S_SO_TECHNORATI'	=> (!empty($config['so_technorati'])) ? true : false,
		'S_SO_TUMBLR'		=> (!empty($config['so_tumblr'])) ? true : false,
		'S_SO_GOOGLE'		=> (!empty($config['so_google'])) ? true : false,
		
		// Share On 2.1.1 MOD]]></find>
				<action type="replace-with"><![CDATA[		// Share On 2.2.0 MOD
		'S_SO_STATUS'		=> (!empty($config['so_status'])) ? true : false,
		'S_SO_POSITION'		=> (!empty($config['so_position'])) ? true : false,
		'S_SO_TYPE'			=> (!empty($config['so_type'])) ? true : false,
		'S_SO_FACEBOOK'		=> (!empty($config['so_facebook'])) ? true : false,
		'S_SO_TWITTER'		=> (!empty($config['so_twitter'])) ? true : false,
		'S_SO_TUENTI'		=> (!empty($config['so_tuenti'])) ? true : false,
		'S_SO_SONICO'		=> (!empty($config['so_sonico'])) ? true : false,
		'S_SO_FRIENDFEED'	=> (!empty($config['so_friendfeed'])) ? true : false,
		'S_SO_ORKUT'		=> (!empty($config['so_orkut'])) ? true : false,
		'S_SO_DIGG'			=> (!empty($config['so_digg'])) ? true : false,
		'S_SO_REDDIT'		=> (!empty($config['so_reddit'])) ? true : false,
		'S_SO_DELICIOUS' 	=> (!empty($config['so_delicious'])) ? true : false,
		'S_SO_VK'			=> (!empty($config['so_vk'])) ? true : false,
		'S_SO_TUMBLR'		=> (!empty($config['so_tumblr'])) ? true : false,
		'S_SO_GOOGLE'		=> (!empty($config['so_google'])) ? true : false,
		'S_SO_MYSPACE'		=> (!empty($config['so_myspace'])) ? true : false,
		// Share On 2.2.0 MOD]]></action>
			</edit>
		</open>
		<open src="styles/prosilver/template/viewtopic_body.html">
			<edit>
				<find><![CDATA[			<!-- IF postrow.U_EDIT or postrow.U_DELETE or postrow.U_REPORT or postrow.U_WARN or postrow.U_INFO or postrow.U_QUOTE -->]]></find>
				<inline-edit>
					<inline-find><![CDATA[postrow.U_QUOTE]]></inline-find>
					<inline-action type="after-add"><![CDATA[ or (postrow.S_SO_STATUS || postrow.S_SO_POSITION eq 1)]]></inline-action>
				</inline-edit>
			</edit>
			<edit>
				<find><![CDATA[					<!-- Share_On_2.1.1_MOD -->
					<!-- IF postrow.S_SO_POSITION eq 1 -->
						<!-- IF postrow.S_SO_STATUS and postrow.S_FIRST_ROW -->
							<!-- IF postrow.S_SO_FACEBOOK --><li class="facebook-icon"><a href="{postrow.U_FACEBOOK}" title="{L_SHARE_ON_FACEBOOK}" onclick="window.open(this.href);return false;"><span>{L_SHARE_ON_FACEBOOK}</span></a></li><!-- ENDIF -->
							<!-- IF postrow.S_SO_TWITTER --><li class="twitter-icon"><a href="{postrow.U_TWITTER}" title="{L_SHARE_ON_TWITTER}" onclick="window.open(this.href);return false;"><span>{L_SHARE_ON_TWITTER}</span></a></li><!-- ENDIF -->
							<!-- IF postrow.S_SO_TUENTI --><li class="tuenti-icon"><a href="{postrow.U_TUENTI}" title="{L_SHARE_ON_TUENTI}" onclick="window.open(this.href);return false;"><span>{L_SHARE_ON_TUENTI}</span></a></li><!-- ENDIF -->
							<!-- IF postrow.S_SO_SONICO --><li class="sonico-icon"><a href="{postrow.U_SONICO}" title="{L_SHARE_ON_SONICO}" onclick="window.open(this.href);return false;"><span>{L_SHARE_ON_SONICO}</span></a></li><!-- ENDIF -->
							<!-- IF postrow.S_SO_FRIENDFEED --><li class="friendfeed-icon"><a href="{postrow.U_FRIENDFEED}" title="{L_SHARE_ON_FRIENDFEED}" onclick="window.open(this.href);return false;"><span>{L_SHARE_ON_FRIENDFEED}</span></a></li><!-- ENDIF -->
							<!-- IF postrow.S_SO_ORKUT --><li class="orkut-icon"><a href="javascript:(function(){var d=document,l=d.location,e=encodeURIComponent,u='http://promote.orkut.com/preview?src=bkmrklt&amp;v=1&amp;nt=orkut.com&amp;du='+e(l.href)+'&amp;tt='+e(d.title),s='&amp;rdrinl=1';if(!window.open(u,'','height=575,width=700,directories=0,location=1,menubar=0,resizable=0,scrollbars=1,status=1,toolbar=0'))l.href=u+s;})();" title="{L_SHARE_ON_ORKUT}"><span>{L_SHARE_ON_ORKUT}</span></a></li><!-- ENDIF -->
							<!-- IF postrow.S_SO_DIGG --><li class="digg-icon"><a href="{postrow.U_DIGG}" title="{L_SHARE_ON_DIGG}" onclick="window.open(this.href);return false;"><span>{L_SHARE_ON_DIGG}</span></a></li><!-- ENDIF -->
							<!-- IF postrow.S_SO_REDDIT --><li class="reddit-icon"><a href="{postrow.U_REDDIT}" title="{L_SHARE_ON_REDDIT}" onclick="window.open(this.href);return false;"><span>{L_SHARE_ON_REDDIT}</span></a></li><!-- ENDIF -->
							<!-- IF postrow.S_SO_DELICIOUS --><li class="delicious-icon"><a href="{postrow.U_DELICIOUS}" title="{L_SHARE_ON_DELICIOUS}" onclick="window.open(this.href);return false;"><span>{L_SHARE_ON_DELICIOUS}</span></a></li><!-- ENDIF -->
							<!-- IF postrow.S_SO_TECHNORATI --><li class="technorati-icon"><a href="{postrow.U_TECHNORATI}" title="{L_SHARE_ON_TECHNORATI}" onclick="window.open(this.href);return false;"><span>{L_SHARE_ON_TECHNORATI}</span></a></li><!-- ENDIF -->
							<!-- IF postrow.S_SO_TUMBLR --><li class="tumblr-icon"><a href="{postrow.U_TUMBLR}" title="{L_SHARE_ON_TUMBLR}" onclick="window.open(this.href);return false;"><span>{L_SHARE_ON_TUMBLR}</span></a></li><!-- ENDIF -->
							<!-- IF postrow.S_SO_GOOGLE --><li class="google-icon"><a href="{postrow.U_GOOGLE}" title="{L_SHARE_ON_GOOGLE}" onclick="window.open(this.href);return false;"><span>{L_SHARE_ON_GOOGLE}</span></a></li><!-- ENDIF -->
						<!-- ENDIF -->
					<!-- ENDIF -->
					<!-- Share_On_2.1.1_MOD -->]]></find>
				<action type="replace-with"><![CDATA[					<!-- Share_On_2.2.0_MOD -->
					<!-- IF postrow.S_SO_POSITION eq 1 -->
						<!-- IF postrow.S_SO_STATUS -->
							<!-- IF postrow.S_SO_TYPE eq 0 || postrow.S_FIRST_ROW -->
							<!-- IF postrow.S_SO_FACEBOOK --><li class="facebook-icon"><a href="<!-- IF postrow.S_SO_TYPE eq 1 -->{postrow.U_FACEBOOK}<!-- ELSE -->{postrow.U_FACEBOOK_POST}<!-- ENDIF -->" title="{L_SHARE_ON_FACEBOOK}" onclick="window.open(this.href);return false;"><span>{L_SHARE_ON_FACEBOOK}</span></a></li><!-- ENDIF -->

							<!-- IF postrow.S_SO_TWITTER --><li class="twitter-icon"><a href="<!-- IF postrow.S_SO_TYPE eq 1 -->{postrow.U_TWITTER}<!-- ELSE -->{postrow.U_TWITTER_POST}<!-- ENDIF -->" title="{L_SHARE_ON_TWITTER}" onclick="window.open(this.href);return false;"><span>{L_SHARE_ON_TWITTER}</span></a></li><!-- ENDIF -->

							<!-- IF postrow.S_SO_TUENTI --><li class="tuenti-icon"><a href="<!-- IF postrow.S_SO_TYPE eq 1 -->{postrow.U_TUENTI}<!-- ELSE -->{postrow.U_TUENTI_POST}<!-- ENDIF -->" title="{L_SHARE_ON_TUENTI}" onclick="window.open(this.href);return false;"><span>{L_SHARE_ON_TUENTI}</span></a></li><!-- ENDIF -->

							<!-- IF postrow.S_SO_SONICO --><li class="sonico-icon"><a href="<!-- IF postrow.S_SO_TYPE eq 1 -->{postrow.U_SONICO}<!-- ELSE -->{postrow.U_SONICO_POST}<!-- ENDIF -->" title="{L_SHARE_ON_SONICO}" onclick="window.open(this.href);return false;"><span>{L_SHARE_ON_SONICO}</span></a></li><!-- ENDIF -->

							<!-- IF postrow.S_SO_FRIENDFEED --><li class="friendfeed-icon"><a href="<!-- IF postrow.S_SO_TYPE eq 1 -->{postrow.U_FRIENDFEED}<!-- ELSE -->{postrow.U_FRIENDFEED_POST}<!-- ENDIF -->" title="{L_SHARE_ON_FRIENDFEED}" onclick="window.open(this.href);return false;"><span>{L_SHARE_ON_FRIENDFEED}</span></a></li><!-- ENDIF -->

							<!-- IF postrow.S_SO_ORKUT --><li class="orkut-icon"><a href="javascript:(function(){var d=document,l=d.location,e=encodeURIComponent,u='http://promote.orkut.com/preview?src=bkmrklt&amp;v=1&amp;nt=orkut.com&amp;du='+e(l.href)+'&amp;tt='+e(d.title),s='&amp;rdrinl=1';if(!window.open(u,'','height=575,width=700,directories=0,location=1,menubar=0,resizable=0,scrollbars=1,status=1,toolbar=0'))l.href=u+s;})();" title="{L_SHARE_ON_ORKUT}"><span>{L_SHARE_ON_ORKUT}</span></a></li><!-- ENDIF -->

							<!-- IF postrow.S_SO_DIGG --><li class="digg-icon"><a href="<!-- IF postrow.S_SO_TYPE eq 1 -->{postrow.U_DIGG}<!-- ELSE -->{postrow.U_DIGG_POST}<!-- ENDIF -->" title="{L_SHARE_ON_DIGG}" onclick="window.open(this.href);return false;"><span>{L_SHARE_ON_DIGG}</span></a></li><!-- ENDIF -->

							<!-- IF postrow.S_SO_REDDIT --><li class="reddit-icon"><a href="<!-- IF postrow.S_SO_TYPE eq 1 -->{postrow.U_REDDIT}<!-- ELSE -->{postrow.U_REDDIT_POST}<!-- ENDIF -->" title="{L_SHARE_ON_REDDIT}" onclick="window.open(this.href);return false;"><span>{L_SHARE_ON_REDDIT}</span></a></li><!-- ENDIF -->

							<!-- IF postrow.S_SO_DELICIOUS --><li class="delicious-icon"><a href="<!-- IF postrow.S_SO_TYPE eq 1 -->{postrow.U_DELICIOUS}<!-- ELSE -->{postrow.U_DELICIOUS_POST}<!-- ENDIF -->" title="{L_SHARE_ON_DELICIOUS}" onclick="window.open(this.href);return false;"><span>{L_SHARE_ON_DELICIOUS}</span></a></li><!-- ENDIF -->

							<!-- IF postrow.S_SO_VK --><li class="vk-icon"><a href="<!-- IF postrow.S_SO_TYPE eq 1 -->{postrow.U_VK}<!-- ELSE -->{postrow.U_VK_POST}<!-- ENDIF -->" title="{L_SHARE_ON_VK}" onclick="window.open(this.href);return false;"><span>{L_SHARE_ON_VK}</span></a></li><!-- ENDIF -->

							<!-- IF postrow.S_SO_TUMBLR --><li class="tumblr-icon"><a href="<!-- IF postrow.S_SO_TYPE eq 1 -->{postrow.U_TUMBLR}<!-- ELSE -->{postrow.U_TUMBLR_POST}<!-- ENDIF -->" title="{L_SHARE_ON_TUMBLR}" onclick="window.open(this.href);return false;"><span>{L_SHARE_ON_TUMBLR}</span></a></li><!-- ENDIF -->

							<!-- IF postrow.S_SO_GOOGLE --><li class="google-icon"><a href="<!-- IF postrow.S_SO_TYPE eq 1 -->{postrow.U_GOOGLE}<!-- ELSE -->{postrow.U_GOOGLE_POST}<!-- ENDIF -->" title="{L_SHARE_ON_GOOGLE}" onclick="window.open(this.href);return false;"><span>{L_SHARE_ON_GOOGLE}</span></a></li><!-- ENDIF -->

							<!-- IF postrow.S_SO_MYSPACE --><li class="myspace-icon"><a href="<!-- IF postrow.S_SO_TYPE eq 1 -->{postrow.U_MYSPACE}<!-- ELSE -->{postrow.U_MYSPACE_POST}<!-- ENDIF -->" title="{L_SHARE_ON_MYSPACE}" onclick="window.open(this.href);return false;"><span>{L_SHARE_ON_MYSPACE}</span></a></li><!-- ENDIF -->
							<!-- ENDIF -->
						<!-- ENDIF -->
					<!-- ENDIF -->
					<!-- Share_On_2.2.0_MOD -->]]></action>
			</edit>
			<edit>
				<find><![CDATA[	<!-- Share_On_2.1.1_MOD -->
	<!-- IF postrow.S_SO_POSITION eq 0 -->
		<!-- IF postrow.S_SO_STATUS and postrow.S_FIRST_ROW -->
			<div class="panel">
				<div class="inner">
					<span class="corners-top"><span></span></span>
					<h3>{L_SO_SELECT}</h3>
					<table width="100%">
						<tr>
							<!-- IF postrow.S_SO_FACEBOOK --><td align="right"><a href="{postrow.U_FACEBOOK}" onclick="window.open(this.href);return false;" title="{L_SHARE_ON_FACEBOOK}"><img src="{T_IMAGESET_LANG_PATH}/share_on_buttons/shareon_facebook.png" alt="{L_SHARE_ON_FACEBOOK}" /></a></td>
							<td><a href="{postrow.U_FACEBOOK}" onclick="window.open(this.href);return false;">{L_SO_FACEBOOK}</a></td> <!-- ENDIF -->

							<!-- IF postrow.S_SO_TWITTER --><td align="right"><a href="{postrow.U_TWITTER}" onclick="window.open(this.href);return false;" title="{L_SHARE_ON_TWITTER}"><img src="{T_IMAGESET_LANG_PATH}/share_on_buttons/shareon_twitter.png" alt="{L_SHARE_ON_TWITTER}" /></a></td>
							<td><a href="{postrow.U_TWITTER}" onclick="window.open(this.href);return false;">{L_SO_TWITTER}</a></td> <!-- ENDIF -->

							<!-- IF postrow.S_SO_TUENTI --><td align="right"><a href="{postrow.U_TUENTI}" onclick="window.open(this.href);return false;" title="{L_SHARE_ON_TUENTI}"><img src="{T_IMAGESET_LANG_PATH}/share_on_buttons/shareon_tuenti.png" alt="{L_SHARE_ON_TUENTI}" /></a></td>
							<td><a href="{postrow.U_TUENTI}" onclick="window.open(this.href);return false;">{L_SO_TUENTI}</a></td> <!-- ENDIF -->

							<!-- IF postrow.S_SO_SONICO --><td align="right"><a href="{postrow.U_SONICO}" onclick="window.open(this.href);return false;" title="{L_SHARE_ON_SONICO}"><img src="{T_IMAGESET_LANG_PATH}/share_on_buttons/shareon_sonico.png" alt="{L_SHARE_ON_SONICO}" /></a></td>
							<td><a href="{postrow.U_SONICO}" onclick="window.open(this.href);return false;">{L_SO_SONICO}</a></td> <!-- ENDIF -->

							<!-- IF postrow.S_SO_FRIENDFEED --><td align="right"><a href="{postrow.U_FRIENDFEED}" onclick="window.open(this.href);return false;" title="{L_SHARE_ON_FRIENDFEED}"><img src="{T_IMAGESET_LANG_PATH}/share_on_buttons/shareon_friendfeed.png" alt="{L_SHARE_ON_FRIENDFEED}" /></a></td>
							<td><a href="{postrow.U_FRIENDFEED}" onclick="window.open(this.href);return false;">{L_SO_FRIENDFEED}</a></td> <!-- ENDIF -->

							<!-- IF postrow.S_SO_ORKUT --><td align="right"><a title="{L_SHARE_ON_ORKUT}" href="javascript:(function(){var d=document,l=d.location,e=encodeURIComponent,u='http://promote.orkut.com/preview?src=bkmrklt&amp;v=1&amp;nt=orkut.com&amp;du='+e(l.href)+'&amp;tt='+e(d.title),s='&amp;rdrinl=1';if(!window.open(u,'','height=575,width=700,directories=0,location=1,menubar=0,resizable=0,scrollbars=1,status=1,toolbar=0'))l.href=u+s;})();" ><img src="{T_IMAGESET_LANG_PATH}/share_on_buttons/shareon_orkut.gif" alt="{L_SHARE_ON_ORKUT}" /></a></td>
							<td><a href="javascript:(function(){var d=document,l=d.location,e=encodeURIComponent,u='http://promote.orkut.com/preview?src=bkmrklt&amp;v=1&amp;nt=orkut.com&amp;du='+e(l.href)+'&amp;tt='+e(d.title),s='&amp;rdrinl=1';if(!window.open(u,'','height=575,width=700,directories=0,location=1,menubar=0,resizable=0,scrollbars=1,status=1,toolbar=0'))l.href=u+s;})();">{L_SO_ORKUT}</a></td> <!-- ENDIF -->

							<!-- IF postrow.S_SO_DIGG --><td align="right"><a href="{postrow.U_DIGG}" onclick="window.open(this.href);return false;" title="{L_SHARE_ON_DIGG}"><img src="{T_IMAGESET_LANG_PATH}/share_on_buttons/shareon_digg.gif" alt="{L_SHARE_ON_DIGG}" /></a></td>
							<td><a href="{postrow.U_DIGG}" onclick="window.open(this.href);return false;">{L_SO_DIGG}</a></td> <!-- ENDIF -->

							<!-- IF postrow.S_SO_REDDIT --><td align="right"><a href="{postrow.U_REDDIT}" onclick="window.open(this.href);return false;" title="{L_SHARE_ON_REDDIT}"><img src="{T_IMAGESET_LANG_PATH}/share_on_buttons/shareon_reddit.png" alt="{L_SHARE_ON_REDDIT}" /></a></td>
							<td><a href="{postrow.U_REDDIT}" onclick="window.open(this.href);return false;">{L_SO_REDDIT}</a></td> <!-- ENDIF -->

							<!-- IF postrow.S_SO_DELICIOUS --><td align="right"><a href="{postrow.U_DELICIOUS}" onclick="window.open(this.href);return false;" title="{L_SHARE_ON_DELICIOUS}"><img src="{T_IMAGESET_LANG_PATH}/share_on_buttons/shareon_delicious.gif" alt="{L_SHARE_ON_DELICIOUS}" /></a></td>
							<td><a href="{postrow.U_DELICIOUS}" onclick="window.open(this.href);return false;">{L_SO_DELICIOUS}</a></td> <!-- ENDIF -->

							<!-- IF postrow.S_SO_TECHNORATI --><td align="right"><a href="{postrow.U_TECHNORATI}" onclick="window.open(this.href);return false;" title="{L_SHARE_ON_TECHNORATI}"><img src="{T_IMAGESET_LANG_PATH}/share_on_buttons/shareon_technorati.png" alt="{L_SHARE_ON_TECHNORATI}" /></a></td>
							<td><a href="{postrow.U_TECHNORATI}" onclick="window.open(this.href);return false;">{L_SO_TECHNORATI}</a></td>	<!-- ENDIF -->

							<!-- IF postrow.S_SO_TUMBLR --><td align="right"><a href="{postrow.U_TUMBLR}" onclick="window.open(this.href);return false;" title="{L_SHARE_ON_TUMBLR}"><img src="{T_IMAGESET_LANG_PATH}/share_on_buttons/shareon_tumblr.png" alt="{L_SHARE_ON_TUMBLR}" /></a></td>
							<td><a href="{postrow.U_TUMBLR}" onclick="window.open(this.href);return false;">{L_SO_TUMBLR}</a></td><!-- ENDIF -->
							
							<!-- IF postrow.S_SO_GOOGLE --><td align="right"><a href="{postrow.U_GOOGLE}" onclick="window.open(this.href);return false;" title="{L_SHARE_ON_GOOGLE}"><img src="{T_IMAGESET_LANG_PATH}/share_on_buttons/shareon_google.gif" alt="{L_SHARE_ON_GOOGLE}"/></a></td>
							<td><a href="{postrow.U_GOOGLE}" onclick="window.open(this.href);return false;">{L_SO_GOOGLE}</a></td><!-- ENDIF -->
						</tr>   			
					</table>
					<span class="corners-bottom"><span></span></span>
				</div>
			</div>
		<!-- ENDIF -->
	<!-- ENDIF -->
	<!-- Share_On_2.1.1_MOD -->]]></find>
				<action type="replace-with"><![CDATA[	<!-- Share_On_2.2.0_MOD -->
	<!-- IF postrow.S_SO_POSITION eq 0 -->
		<!-- IF postrow.S_SO_STATUS and postrow.S_FIRST_ROW -->
			<div class="panel">
				<div class="inner">
					<span class="corners-top"><span></span></span>
					<h3>{L_SO_SELECT}</h3>
					<table width="100%">
						<tr>
							<!-- IF postrow.S_SO_FACEBOOK --><td align="{S_CONTENT_FLOW_END}"><a href="{postrow.U_FACEBOOK}" onclick="window.open(this.href);return false;" title="{L_SHARE_ON_FACEBOOK}"><img src="{T_THEME_PATH}/images/share_on_buttons/shareon_facebook.png" alt="{L_SHARE_ON_FACEBOOK}" /></a></td>
							<td align="{S_CONTENT_FLOW_BEGIN}"><a href="{postrow.U_FACEBOOK}" onclick="window.open(this.href);return false;">{L_SO_FACEBOOK}</a></td> <!-- ENDIF -->

							<!-- IF postrow.S_SO_TWITTER --><td align="{S_CONTENT_FLOW_END}"><a href="{postrow.U_TWITTER}" onclick="window.open(this.href);return false;" title="{L_SHARE_ON_TWITTER}"><img src="{T_THEME_PATH}/images/share_on_buttons/shareon_twitter.png" alt="{L_SHARE_ON_TWITTER}" /></a></td>
							<td align="{S_CONTENT_FLOW_BEGIN}"><a href="{postrow.U_TWITTER}" onclick="window.open(this.href);return false;">{L_SO_TWITTER}</a></td> <!-- ENDIF -->

							<!-- IF postrow.S_SO_TUENTI --><td align="{S_CONTENT_FLOW_END}"><a href="{postrow.U_TUENTI}" onclick="window.open(this.href);return false;" title="{L_SHARE_ON_TUENTI}"><img src="{T_THEME_PATH}/images/share_on_buttons/shareon_tuenti.png" alt="{L_SHARE_ON_TUENTI}" /></a></td>
							<td align="{S_CONTENT_FLOW_BEGIN}"><a href="{postrow.U_TUENTI}" onclick="window.open(this.href);return false;">{L_SO_TUENTI}</a></td> <!-- ENDIF -->

							<!-- IF postrow.S_SO_SONICO --><td align="{S_CONTENT_FLOW_END}"><a href="{postrow.U_SONICO}" onclick="window.open(this.href);return false;" title="{L_SHARE_ON_SONICO}"><img src="{T_THEME_PATH}/images/share_on_buttons/shareon_sonico.png" alt="{L_SHARE_ON_SONICO}" /></a></td>
							<td align="{S_CONTENT_FLOW_BEGIN}"><a href="{postrow.U_SONICO}" onclick="window.open(this.href);return false;">{L_SO_SONICO}</a></td> <!-- ENDIF -->

							<!-- IF postrow.S_SO_FRIENDFEED --><td align="{S_CONTENT_FLOW_END}"><a href="{postrow.U_FRIENDFEED}" onclick="window.open(this.href);return false;" title="{L_SHARE_ON_FRIENDFEED}"><img src="{T_THEME_PATH}/images/share_on_buttons/shareon_friendfeed.png" alt="{L_SHARE_ON_FRIENDFEED}" /></a></td>
							<td align="{S_CONTENT_FLOW_BEGIN}"><a href="{postrow.U_FRIENDFEED}" onclick="window.open(this.href);return false;">{L_SO_FRIENDFEED}</a></td> <!-- ENDIF -->

							<!-- IF postrow.S_SO_ORKUT --><td align="{S_CONTENT_FLOW_END}"><a title="{L_SHARE_ON_ORKUT}" href="javascript:(function(){var d=document,l=d.location,e=encodeURIComponent,u='http://promote.orkut.com/preview?src=bkmrklt&amp;v=1&amp;nt=orkut.com&amp;du='+e(l.href)+'&amp;tt='+e(d.title),s='&amp;rdrinl=1';if(!window.open(u,'','height=575,width=700,directories=0,location=1,menubar=0,resizable=0,scrollbars=1,status=1,toolbar=0'))l.href=u+s;})();" ><img src="{T_THEME_PATH}/images/share_on_buttons/shareon_orkut.gif" alt="{L_SHARE_ON_ORKUT}" /></a></td>
							<td align="{S_CONTENT_FLOW_BEGIN}"><a href="javascript:(function(){var d=document,l=d.location,e=encodeURIComponent,u='http://promote.orkut.com/preview?src=bkmrklt&amp;v=1&amp;nt=orkut.com&amp;du='+e(l.href)+'&amp;tt='+e(d.title),s='&amp;rdrinl=1';if(!window.open(u,'','height=575,width=700,directories=0,location=1,menubar=0,resizable=0,scrollbars=1,status=1,toolbar=0'))l.href=u+s;})();">{L_SO_ORKUT}</a></td> <!-- ENDIF -->

							<!-- IF postrow.S_SO_DIGG --><td align="{S_CONTENT_FLOW_END}"><a href="{postrow.U_DIGG}" onclick="window.open(this.href);return false;" title="{L_SHARE_ON_DIGG}"><img src="{T_THEME_PATH}/images/share_on_buttons/shareon_digg.gif" alt="{L_SHARE_ON_DIGG}" /></a></td>
							<td align="{S_CONTENT_FLOW_BEGIN}"><a href="{postrow.U_DIGG}" onclick="window.open(this.href);return false;">{L_SO_DIGG}</a></td> <!-- ENDIF -->

							<!-- IF postrow.S_SO_REDDIT --><td align="{S_CONTENT_FLOW_END}"><a href="{postrow.U_REDDIT}" onclick="window.open(this.href);return false;" title="{L_SHARE_ON_REDDIT}"><img src="{T_THEME_PATH}/images/share_on_buttons/shareon_reddit.png" alt="{L_SHARE_ON_REDDIT}" /></a></td>
							<td align="{S_CONTENT_FLOW_BEGIN}"><a href="{postrow.U_REDDIT}" onclick="window.open(this.href);return false;">{L_SO_REDDIT}</a></td> <!-- ENDIF -->

							<!-- IF postrow.S_SO_DELICIOUS --><td align="{S_CONTENT_FLOW_END}"><a href="{postrow.U_DELICIOUS}" onclick="window.open(this.href);return false;" title="{L_SHARE_ON_DELICIOUS}"><img src="{T_THEME_PATH}/images/share_on_buttons/shareon_delicious.gif" alt="{L_SHARE_ON_DELICIOUS}" /></a></td>
							<td align="{S_CONTENT_FLOW_BEGIN}"><a href="{postrow.U_DELICIOUS}" onclick="window.open(this.href);return false;">{L_SO_DELICIOUS}</a></td> <!-- ENDIF -->

							<!-- IF postrow.S_SO_VK --><td align="{S_CONTENT_FLOW_END}"><a href="{postrow.U_VK}" onclick="window.open(this.href);return false;" title="{L_SHARE_ON_VK}"><img src="{T_THEME_PATH}/images/share_on_buttons/shareon_vk.png" alt="{L_SHARE_ON_VK}" /></a></td>
							<td align="{S_CONTENT_FLOW_BEGIN}"><a href="{postrow.U_VK}" onclick="window.open(this.href);return false;">{L_SO_VK}</a></td>	<!-- ENDIF -->

							<!-- IF postrow.S_SO_TUMBLR --><td align="{S_CONTENT_FLOW_END}"><a href="{postrow.U_TUMBLR}" onclick="window.open(this.href);return false;" title="{L_SHARE_ON_TUMBLR}"><img src="{T_THEME_PATH}/images/share_on_buttons/shareon_tumblr.png" alt="{L_SHARE_ON_TUMBLR}" /></a></td>
							<td align="{S_CONTENT_FLOW_BEGIN}"><a href="{postrow.U_TUMBLR}" onclick="window.open(this.href);return false;">{L_SO_TUMBLR}</a></td><!-- ENDIF -->
							
							<!-- IF postrow.S_SO_GOOGLE --><td align="{S_CONTENT_FLOW_END}"><a href="{postrow.U_GOOGLE}" onclick="window.open(this.href);return false;" title="{L_SHARE_ON_GOOGLE}"><img src="{T_THEME_PATH}/images/share_on_buttons/shareon_google.gif" alt="{L_SHARE_ON_GOOGLE}"/></a></td>
							<td align="{S_CONTENT_FLOW_BEGIN}"><a href="{postrow.U_GOOGLE}" onclick="window.open(this.href);return false;">{L_SO_GOOGLE}</a></td><!-- ENDIF -->

							<!-- IF postrow.S_SO_MYSPACE --><td align="{S_CONTENT_FLOW_END}"><a href="{postrow.U_MYSPACE}" onclick="window.open(this.href);return false;" title="{L_SHARE_ON_MYSPACE}"><img src="{T_THEME_PATH}/images/share_on_buttons/shareon_myspace.png" alt="{L_SHARE_ON_MYSPACE}"/></a></td>
							<td align="{S_CONTENT_FLOW_BEGIN}"><a href="{postrow.U_MYSPACE}" onclick="window.open(this.href);return false;">{L_SO_MYSPACE}</a></td><!-- ENDIF -->
						</tr>   			
					</table>
					<span class="corners-bottom"><span></span></span>
				</div>
			</div>
		<!-- ENDIF -->
	<!-- ENDIF -->
	<!-- Share_On_2.2.0_MOD -->]]></action>
			</edit>
		</open>
		<open src="styles/prosilver/theme/buttons.css">
			<edit>
				<find><![CDATA[.technorati-icon, .technorati-icon a	{ background: none top left no-repeat; }]]></find>
				<action type="replace-with"><![CDATA[.vk-icon, .vk-icon a	{ background: none top left no-repeat; }
.myspace-icon, .myspace-icon a	{ background: none top left no-repeat; }]]></action>
			</edit>
			<edit>
				<find><![CDATA[ul.profile-icons li.technorati-icon	{ width: 20px; height: 20px; }]]></find>
				<action type="replace-with"><![CDATA[ul.profile-icons li.vk-icon	{ width: 20px; height: 20px; }
ul.profile-icons li.myspace-icon	{ width: 20px; height: 20px; }]]></action>
			</edit>
		</open>
		<open src="styles/prosilver/theme/colours.css">
			<edit>
				<find><![CDATA[/* Share On 2.1.1 */
.facebook-icon, .facebook-icon a	{ background-image: url("{T_IMAGESET_LANG_PATH}/share_on_buttons/shareon_facebook.png"); }
.twitter-icon, .twitter-icon a		{ background-image: url("{T_IMAGESET_LANG_PATH}/share_on_buttons/shareon_twitter.png"); }
.tuenti-icon, .tuenti-icon a		{ background-image: url("{T_IMAGESET_LANG_PATH}/share_on_buttons/shareon_tuenti.png"); }
.sonico-icon, .sonico-icon a		{ background-image: url("{T_IMAGESET_LANG_PATH}/share_on_buttons/shareon_sonico.png"); }
.friendfeed-icon, .friendfeed-icon a	{ background-image: url("{T_IMAGESET_LANG_PATH}/share_on_buttons/shareon_friendfeed.png"); }
.orkut-icon, .orkut-icon a		{ background-image: url("{T_IMAGESET_LANG_PATH}/share_on_buttons/shareon_orkut.gif"); }
.digg-icon, .digg-icon a		{ background-image: url("{T_IMAGESET_LANG_PATH}/share_on_buttons/shareon_digg.gif"); }
.reddit-icon, .reddit-icon a		{ background-image: url("{T_IMAGESET_LANG_PATH}/share_on_buttons/shareon_reddit.png"); }
.delicious-icon, .delicious-icon a	{ background-image: url("{T_IMAGESET_LANG_PATH}/share_on_buttons/shareon_delicious.gif"); }
.technorati-icon, .technorati-icon a	{ background-image: url("{T_IMAGESET_LANG_PATH}/share_on_buttons/shareon_technorati.png"); }
.tumblr-icon, .tumblr-icon a		{ background-image: url("{T_IMAGESET_LANG_PATH}/share_on_buttons/shareon_tumblr.png"); }
.google-icon, .google-icon a		{ background-image: url("{T_IMAGESET_LANG_PATH}/share_on_buttons/shareon_google.gif"); }
/* Share On 2.1.1 */]]></find>
				<action type="replace-with"><![CDATA[/* Share On 2.2.0 */
.facebook-icon, .facebook-icon a	{ background-image: url("{T_THEME_PATH}/images/share_on_buttons/shareon_facebook.png"); }
.twitter-icon, .twitter-icon a		{ background-image: url("{T_THEME_PATH}/images/share_on_buttons/shareon_twitter.png"); }
.tuenti-icon, .tuenti-icon a		{ background-image: url("{T_THEME_PATH}/images/share_on_buttons/shareon_tuenti.png"); }
.sonico-icon, .sonico-icon a		{ background-image: url("{T_THEME_PATH}/images/share_on_buttons/shareon_sonico.png"); }
.friendfeed-icon, .friendfeed-icon a	{ background-image: url("{T_THEME_PATH}/images/share_on_buttons/shareon_friendfeed.png"); }
.orkut-icon, .orkut-icon a		{ background-image: url("{T_THEME_PATH}/images/share_on_buttons/shareon_orkut.gif"); }
.digg-icon, .digg-icon a		{ background-image: url("{T_THEME_PATH}/images/share_on_buttons/shareon_digg.gif"); }
.reddit-icon, .reddit-icon a		{ background-image: url("{T_THEME_PATH}/images/share_on_buttons/shareon_reddit.png"); }
.delicious-icon, .delicious-icon a	{ background-image: url("{T_THEME_PATH}/images/share_on_buttons/shareon_delicious.gif"); }
.vk-icon, .vk-icon a				{ background-image: url("{T_THEME_PATH}/images/share_on_buttons/shareon_vk.png"); }
.myspace-icon, .myspace-icon a		{ background-image: url("{T_THEME_PATH}/images/share_on_buttons/shareon_myspace.png"); }
.tumblr-icon, .tumblr-icon a		{ background-image: url("{T_THEME_PATH}/images/share_on_buttons/shareon_tumblr.png"); }
.google-icon, .google-icon a		{ background-image: url("{T_THEME_PATH}/images/share_on_buttons/shareon_google.gif"); }
/* Share On 2.2.0 */]]></action>
			</edit>
		</open>
		<php-installer><![CDATA[install.php]]></php-installer>
	</action-group>
</mod>