<?xml version="1.0" encoding="UTF-8" standalone="yes"?>
<?xml-stylesheet type="text/xsl" href="modx.prosilver.en.xsl"?>
<!--NOTICE: Please open this file in your web browser. If presented with a security warning, you may safely tell it to allow the blocked content.-->
<!--For security purposes, please check: http://www.phpbb.com/mods/ for the latest version of this MOD.\nAlthough MODs are checked before being allowed in the MODs Database there is no guarantee that there are no security problems within the MOD.\nNo support will be given for MODs not found within the MODs Database which can be found at http://www.phpbb.com/mods/-->
<mod xmlns:xsi="http://www.w3.org/2001/XMLSchema-instance" xmlns="https://www.phpbb.com/mods/xml/modx-1.2.6.xsd">
	<header>
		<meta name="generator" content="MODX file generated with PP MODX Creator by tumba25 (online version)"/>
		<license><![CDATA[http://opensource.org/licenses/gpl-license.php GNU General Public License v2]]></license>
		<title lang="en"><![CDATA[Share On - Update from 2.0.0 to 2.0.1]]></title>
		<description lang="en"><![CDATA[With Share On MOD, users can share the topics in the following social networks:
- Facebook
- Twitter
- Digg
- Reddit
- Orkut
- Delicious
- Technorati
- Tuenti
- Sonico
- Friendfeed
- Tumblr

You can follow the development through the repository: http://goo.gl/zGvsP

** FEATURES **
- ACP module to manage the MOD.
- Each button can be enabled/disabled individually.
- Buttons position.
- Check version: displays when a new version is available.]]></description>
		<author-group>
			<author>
				<realname><![CDATA[Salva]]></realname>
				<username><![CDATA[Saske1]]></username>
				<homepage><![CDATA[http://www.phpbb-es.com/]]></homepage>
				<email><![CDATA[salva_bxt@hotmail.com]]></email>
				<contributions-group>
					<contributions status="current" from="2011-06-07" position="Developer"/>
				</contributions-group>
			</author>
			<author>
				<realname><![CDATA[Marcus Vinicius]]></realname>
				<username><![CDATA[_Vinny_]]></username>
				<homepage><![CDATA[http://www.suportephpbb.com.br]]></homepage>
				<email><![CDATA[vinny@suportephpbb.com.br]]></email>
				<contributions-group>
					<contributions status="current" from="2011-07-03" position="Developer"/>
				</contributions-group>
			</author>
		</author-group>
		<mod-version>2.0.1</mod-version>
		<installation>
			<level>easy</level>
			<time>240</time>
			<target-version>3.0.10</target-version>
		</installation>
		<link-group>
			<link type="parent" href="../install.xml" lang="en">Main Install</link>
		</link-group>
	</header>
	<action-group>
		<copy>
			<file from="root/adm/style/acp_shareon.html" to="adm/style/acp_shareon.html"/>
			<file from="root/includes/acp/acp_shareon.php" to="includes/acp/acp_shareon.php"/>
			<file from="root/includes/acp/info/acp_shareon.php" to="includes/acp/info/acp_shareon.php"/>
			<file from="root/language/en/mods/info_acp_shareon.php" to="language/en/mods/info_acp_shareon.php"/>
			<file from="root/styles/prosilver/imageset/en/share_on_buttons/*.*" to="styles/prosilver/imageset/en/share_on_buttons/*.*"/>
			<file from="root/umil/*.*" to="umil/*.*"/>
			<file from="root/install.php" to="install.php"/>
		</copy>
		<open src="viewtopic.php">
			<edit>
				<find><![CDATA['U_FRIENDFEED'	=> 'http://friendfeed.com/share?url=' . generate_board_url() . '/viewtopic.php?t='. $topic_data['topic_id'],]]></find>
				<action type="after-add"><![CDATA['U_TUMBLR'	=> 'http://www.tumblr.com/share/link?url=' . urlencode(generate_board_url() . '/viewtopic.php?t='. ($topic_data['topic_id'])) . '&amp;name=' . ($topic_data['topic_title']),]]></action>
			</edit>
			<edit>
				<find><![CDATA['S_SO_TECHNORATI'	=> $config['so_technorati'],]]></find>
				<action type="after-add"><![CDATA['S_SO_TUMBLR'		=> $config['so_tumblr'],]]></action>
			</edit>
		</open>
		<open src="styles/prosilver/template/viewtopic_body.html">
			<edit>
				<find><![CDATA[<!-- IF postrow.S_SO_TECHNORATI --><li class="technorati-icon"><a href="{postrow.U_TECHNORATI}" title="{L_SHARE_ON_TECHNORATI}" onclick="window.open(this.href);return false;"><span>{L_SHARE_ON_TECHNORATI}</span></a></li><!-- ENDIF -->]]></find>
				<action type="after-add"><![CDATA[<!-- IF postrow.S_SO_TUMBLR --><li class="tumblr-icon"><a href="{postrow.U_TUMBLR}" title="{L_SHARE_ON_TUMBLR}" onclick="window.open(this.href);return false;"><span>{L_SHARE_ON_TUMBLR}</span></a></li><!-- ENDIF -->]]></action>
			</edit>
			<edit>
				<find><![CDATA[	<!-- Share_On_2.0.0_MOD -->
		<!-- IF postrow.S_FIRST_ROW and postrow.S_SO_STATUS and not S_USER_LOGGED_IN -->
			<div class="panel">
				<div class="inner">
					<span class="corners-top"><span></span></span>
					<h3>{L_SO_SELECT}</h3>
					<table width="100%">
						<tr>
							<!-- IF postrow.S_SO_FACEBOOK --><td align="center"><a href="{postrow.U_FACEBOOK}" onclick="window.open(this.href);return false;" title="{L_SHARE_ON_FACEBOOK}"><img src="{T_IMAGESET_LANG_PATH}/share_on_buttons/shareon_facebook.png" alt="{L_SHARE_ON_FACEBOOK}" /></a></td>
							<td><a href="{postrow.U_FACEBOOK}" onclick="window.open(this.href);return false;">Facebook</a></td> <!-- ENDIF -->

							<!-- IF postrow.S_SO_TWITTER --><td align="center"><a href="{postrow.U_TWITTER}" onclick="window.open(this.href);return false;" title="{L_SHARE_ON_TWITTER}"><img src="{T_IMAGESET_LANG_PATH}/share_on_buttons/shareon_twitter.png" alt="{L_SHARE_ON_TWITTER}" /></a></td>
							<td><a href="{postrow.U_TWITTER}" onclick="window.open(this.href);return false;">Twitter</a></td> <!-- ENDIF -->

							<!-- IF postrow.S_SO_TUENTI --><td align="center"><a href="{postrow.U_TUENTI}" onclick="window.open(this.href);return false;" title="{L_SHARE_ON_TUENTI}"><img src="{T_IMAGESET_LANG_PATH}/share_on_buttons/shareon_tuenti.png" alt="{L_SHARE_ON_TUENTI}" /></a></td>
							<td><a href="{postrow.U_TUENTI}" onclick="window.open(this.href);return false;">Tuenti</a></td> <!-- ENDIF -->

							<!-- IF postrow.S_SO_SONICO --><td align="center"><a href="{postrow.U_SONICO}" onclick="window.open(this.href);return false;" title="{L_SHARE_ON_SONICO}"><img src="{T_IMAGESET_LANG_PATH}/share_on_buttons/shareon_sonico.png" alt="{L_SHARE_ON_SONICO}" /></a></td>
							<td><a href="{postrow.U_SONICO}" onclick="window.open(this.href);return false;">Sonico</a></td> <!-- ENDIF -->

							<!-- IF postrow.S_SO_FRIENDFEED --><td align="center"><a href="{postrow.U_FRIENDFEED}" onclick="window.open(this.href);return false;" title="{L_SHARE_ON_FRIENDFEED}"><img src="{T_IMAGESET_LANG_PATH}/share_on_buttons/shareon_friendfeed.png" alt="{L_SHARE_ON_FRIENDFEED}" /></a></td>
							<td><a href="{postrow.U_FRIENDFEED}" onclick="window.open(this.href);return false;">FriendFeed</a></td> <!-- ENDIF -->

							<!-- IF postrow.S_SO_ORKUT --><td align="center"><a title="{L_SHARE_ON_ORKUT}" href="javascript:(function(){var d=document,l=d.location,e=encodeURIComponent,u='http://promote.orkut.com/preview?src=bkmrklt&amp;v=1&amp;nt=orkut.com&amp;du='+e(l.href)+'&amp;tt='+e(d.title),s='&amp;rdrinl=1';if(!window.open(u,'','height=575,width=700,directories=0,location=1,menubar=0,resizable=0,scrollbars=1,status=1,toolbar=0'))l.href=u+s;})();" ><img src="{T_IMAGESET_LANG_PATH}/share_on_buttons/shareon_orkut.gif" alt="{L_SHARE_ON_ORKUT}" /></a></td>
							<td><a href="javascript:(function(){var d=document,l=d.location,e=encodeURIComponent,u='http://promote.orkut.com/preview?src=bkmrklt&amp;v=1&amp;nt=orkut.com&amp;du='+e(l.href)+'&amp;tt='+e(d.title),s='&amp;rdrinl=1';if(!window.open(u,'','height=575,width=700,directories=0,location=1,menubar=0,resizable=0,scrollbars=1,status=1,toolbar=0'))l.href=u+s;})();">Orkut</a></td> <!-- ENDIF -->

							<!-- IF postrow.S_SO_DIGG --><td align="center"><a href="{postrow.U_DIGG}" onclick="window.open(this.href);return false;" title="{L_SHARE_ON_DIGG}"><img src="{T_IMAGESET_LANG_PATH}/share_on_buttons/shareon_digg.gif" alt="{L_SHARE_ON_DIGG}" /></a></td>
							<td><a href="{postrow.U_DIGG}" onclick="window.open(this.href);return false;">Digg</a></td> <!-- ENDIF -->

							<!-- IF postrow.S_SO_MYSPACE --><td align="center"><a href="{postrow.U_MYSPACE}" onclick="window.open(this.href);return false;" title="{L_SHARE_ON_MYSPACE}"><img src="{T_IMAGESET_LANG_PATH}/share_on_buttons/shareon_myspace.png" alt="{L_SHARE_ON_MYSPACE}" /></a></td>
							<td><a href="{postrow.U_MYSPACE}" onclick="window.open(this.href);return false;">MySpace</a></td> <!-- ENDIF -->

							<!-- IF postrow.S_SO_DELICIOUS --><td align="center"><a href="{postrow.U_DELICIOUS}" onclick="window.open(this.href);return false;" title="{L_SHARE_ON_DELICIOUS}"><img src="{T_IMAGESET_LANG_PATH}/share_on_buttons/shareon_delicious.gif" alt="{L_SHARE_ON_DELICIOUS}" /></a></td>
							<td><a href="{postrow.U_DELICIOUS}" onclick="window.open(this.href);return false;">Delicious</a></td> <!-- ENDIF -->

							<!-- IF postrow.S_SO_TECHNORATI --><td align="center"><a href="{postrow.U_TECHNORATI}" onclick="window.open(this.href);return false;" title="{L_SHARE_ON_TECHNORATI}"><img src="{T_IMAGESET_LANG_PATH}/share_on_buttons/shareon_technorati.png" alt="{L_SHARE_ON_TECHNORATI}" /></a></td>
							<td><a href="{postrow.U_TECHNORATI}" onclick="window.open(this.href);return false;">Technorati</a></td>	<!-- ENDIF -->
						</tr>   			
					</table>
					<span class="corners-bottom"><span></span></span>
				</div>
			</div>
		<!-- ENDIF -->
	<!-- Share_On_2.0.0_MOD -->]]></find>
				<action type="replace-with"><![CDATA[	<!-- Share_On_2.0.1_MOD -->
		<!-- IF postrow.S_FIRST_ROW and postrow.S_SO_STATUS and not S_USER_LOGGED_IN -->
			<div class="panel">
				<div class="inner">
					<span class="corners-top"><span></span></span>
					<h3>{L_SO_SELECT}</h3>
					<table width="100%">
						<tr>
							<!-- IF postrow.S_SO_FACEBOOK --><td align="right"><a href="{postrow.U_FACEBOOK}" onclick="window.open(this.href);return false;" title="{L_SHARE_ON_FACEBOOK}"><img src="{T_IMAGESET_LANG_PATH}/share_on_buttons/shareon_facebook.png" alt="{L_SHARE_ON_FACEBOOK}" /></a></td>
							<td><a href="{postrow.U_FACEBOOK}" onclick="window.open(this.href);return false;">{L_SO_FACEBOOK}</a></td> <!-- ENDIF -->

							<!-- IF postrow.S_SO_TWITTER --><td align="right"><a href="{postrow.U_TWITTER}" onclick="window.open(this.href);return false;" title="{L_SHARE_ON_TWITTER}"><img src="{T_IMAGESET_LANG_PATH}/share_on_buttons/shareon_twitter.png" alt="{L_SHARE_ON_TWITTER}" /></a></td>
							<td><a href="{postrow.U_TWITTER}" onclick="window.open(this.href);return false;">{L_SO_TWITTER}</a></td> <!-- ENDIF -->

							<!-- IF postrow.S_SO_TUENTI --><td align="right"><a href="{postrow.U_TUENTI}" onclick="window.open(this.href);return false;" title="{L_SHARE_ON_TUENTI}"><img src="{T_IMAGESET_LANG_PATH}/share_on_buttons/shareon_tuenti.png" alt="{L_SHARE_ON_TUENTI}" /></a></td>
							<td><a href="{postrow.U_TUENTI}" onclick="window.open(this.href);return false;">{L_SO_TUENTI}</a></td> <!-- ENDIF -->

							<!-- IF postrow.S_SO_SONICO --><td align="right"><a href="{postrow.U_SONICO}" onclick="window.open(this.href);return false;" title="{L_SHARE_ON_SONICO}"><img src="{T_IMAGESET_LANG_PATH}/share_on_buttons/shareon_sonico.png" alt="{L_SHARE_ON_SONICO}" /></a></td>
							<td><a href="{postrow.U_SONICO}" onclick="window.open(this.href);return false;">{L_SO_SONICO}</a></td> <!-- ENDIF -->

							<!-- IF postrow.S_SO_FRIENDFEED --><td align="right"><a href="{postrow.U_FRIENDFEED}" onclick="window.open(this.href);return false;" title="{L_SHARE_ON_FRIENDFEED}"><img src="{T_IMAGESET_LANG_PATH}/share_on_buttons/shareon_friendfeed.png" alt="{L_SHARE_ON_FRIENDFEED}" /></a></td>
							<td><a href="{postrow.U_FRIENDFEED}" onclick="window.open(this.href);return false;">{L_SO_FRIENDFEED}</a></td> <!-- ENDIF -->

							<!-- IF postrow.S_SO_ORKUT --><td align="right"><a title="{L_SHARE_ON_ORKUT}" href="javascript:(function(){var d=document,l=d.location,e=encodeURIComponent,u='http://promote.orkut.com/preview?src=bkmrklt&amp;v=1&amp;nt=orkut.com&amp;du='+e(l.href)+'&amp;tt='+e(d.title),s='&amp;rdrinl=1';if(!window.open(u,'','height=575,width=700,directories=0,location=1,menubar=0,resizable=0,scrollbars=1,status=1,toolbar=0'))l.href=u+s;})();" ><img src="{T_IMAGESET_LANG_PATH}/share_on_buttons/shareon_orkut.gif" alt="{L_SHARE_ON_ORKUT}" /></a></td>
							<td><a href="javascript:(function(){var d=document,l=d.location,e=encodeURIComponent,u='http://promote.orkut.com/preview?src=bkmrklt&amp;v=1&amp;nt=orkut.com&amp;du='+e(l.href)+'&amp;tt='+e(d.title),s='&amp;rdrinl=1';if(!window.open(u,'','height=575,width=700,directories=0,location=1,menubar=0,resizable=0,scrollbars=1,status=1,toolbar=0'))l.href=u+s;})();">{L_SO_ORKUT}</a></td> <!-- ENDIF -->

							<!-- IF postrow.S_SO_DIGG --><td align="right"><a href="{postrow.U_DIGG}" onclick="window.open(this.href);return false;" title="{L_SHARE_ON_DIGG}"><img src="{T_IMAGESET_LANG_PATH}/share_on_buttons/shareon_digg.gif" alt="{L_SHARE_ON_DIGG}" /></a></td>
							<td><a href="{postrow.U_DIGG}" onclick="window.open(this.href);return false;">{L_SO_DIGG}</a></td> <!-- ENDIF -->

							<!-- IF postrow.S_SO_MYSPACE --><td align="right"><a href="{postrow.U_MYSPACE}" onclick="window.open(this.href);return false;" title="{L_SHARE_ON_MYSPACE}"><img src="{T_IMAGESET_LANG_PATH}/share_on_buttons/shareon_myspace.png" alt="{L_SHARE_ON_MYSPACE}" /></a></td>
							<td><a href="{postrow.U_MYSPACE}" onclick="window.open(this.href);return false;">{L_SO_MYSPACE}</a></td> <!-- ENDIF -->

							<!-- IF postrow.S_SO_DELICIOUS --><td align="right"><a href="{postrow.U_DELICIOUS}" onclick="window.open(this.href);return false;" title="{L_SHARE_ON_DELICIOUS}"><img src="{T_IMAGESET_LANG_PATH}/share_on_buttons/shareon_delicious.gif" alt="{L_SHARE_ON_DELICIOUS}" /></a></td>
							<td><a href="{postrow.U_DELICIOUS}" onclick="window.open(this.href);return false;">{L_SO_DELICIOUS}</a></td> <!-- ENDIF -->

							<!-- IF postrow.S_SO_TECHNORATI --><td align="right"><a href="{postrow.U_TECHNORATI}" onclick="window.open(this.href);return false;" title="{L_SHARE_ON_TECHNORATI}"><img src="{T_IMAGESET_LANG_PATH}/share_on_buttons/shareon_technorati.png" alt="{L_SHARE_ON_TECHNORATI}" /></a></td>
							<td><a href="{postrow.U_TECHNORATI}" onclick="window.open(this.href);return false;">{L_SO_TECHNORATI}</a></td>	<!-- ENDIF -->

							<!-- IF postrow.S_SO_TUMBLR --><td align="right"><a href="{postrow.U_TUMBLR}" onclick="window.open(this.href);return false;" title="{L_SHARE_ON_TUMBLR}"><img src="{T_IMAGESET_LANG_PATH}/share_on_buttons/shareon_tumblr.png" alt="{L_SHARE_ON_TUMBLR}" /></a></td>
							<td><a href="{postrow.U_TUMBLR}" onclick="window.open(this.href);return false;">{L_SO_TUMBLR}</a></td><!-- ENDIF -->
						</tr>   			
					</table>
					<span class="corners-bottom"><span></span></span>
				</div>
			</div>
		<!-- ENDIF -->
	<!-- Share_On_2.0.1_MOD -->]]></action>
			</edit>
		</open>
		<open src="styles/prosilver/theme/buttons.css">
			<edit>
				<find><![CDATA[.technorati-icon, .technorati-icon a	{ background: none top left no-repeat; }]]></find>
				<action type="after-add"><![CDATA[.tumblr-icon, .tumblr-icon a		{ background: none top left no-repeat; }]]></action>
			</edit>
			<edit>
				<find><![CDATA[ul.profile-icons li.technorati-icon	{ width: 20px; height: 20px; }]]></find>
				<action type="after-add"><![CDATA[ul.profile-icons li.tumblr-icon		{ width: 20px; height: 20px; }]]></action>
			</edit>
		</open>
		<open src="styles/prosilver/theme/colours.css">
			<edit>
				<find><![CDATA[.technorati-icon, .technorati-icon a	{ background-image: url("{T_IMAGESET_LANG_PATH}/share_on_buttons/shareon_technorati.png"); }]]></find>
				<action type="after-add"><![CDATA[.tumblr-icon, .tumblr-icon a		{ background-image: url("{T_IMAGESET_LANG_PATH}/share_on_buttons/shareon_tumblr.png"); }]]></action>
			</edit>
		</open>
		<php-installer><![CDATA[install.php]]></php-installer>
		<diy-instructions lang="en"><![CDATA[IMPORTANT! Once you modify and upload all the files :

Log on to Administration Control Panel
#####################################################################

A) Purge the cache :

	A.1) Navigate to "GENERAL" Tab.
	A.2) Next to "Purge the cache" click on "Run now".
	A.3) in the next screen, click on "Yes".

#####################################################################

B) Purge the templates and themes:

	B.1) Navigate to "STYLES" Tab.
	B.2) Under "Style components " click on "Templates".
	B.3) Under "Actions" click on "Refresh".
	B.4) in the next screen, click on "Yes" ( Repeat last 2 steps with Themes and templates ).
	
#####################################################################

C) Update config on database:

	C.1) Run the install.php

#####################################################################

]]></diy-instructions>
	</action-group>
</mod>
