<?xml version="1.0" encoding="UTF-8" standalone="yes"?>
<?xml-stylesheet type="text/xsl" href="modx.prosilver.en.xsl"?>
<!--NOTICE: Please open this file in your web browser. If presented with a security warning, you may safely tell it to allow the blocked content.-->
<!--For security purposes, please check: http://www.phpbb.com/mods/ for the latest version of this MOD.\nAlthough MODs are checked before being allowed in the MODs Database there is no guarantee that there are no security problems within the MOD.\nNo support will be given for MODs not found within the MODs Database which can be found at http://www.phpbb.com/mods/-->
<mod xmlns:xsi="http://www.w3.org/2001/XMLSchema-instance" xmlns="https://www.phpbb.com/mods/xml/modx-1.2.6.xsd">
	<header>
		<meta name="generator" content="MODX file generated with PP MODX Creator by tumba25 (online version)"/>
		<license><![CDATA[http://opensource.org/licenses/gpl-license.php GNU General Public License v2]]></license>
		<title lang="en"><![CDATA[Share On - Update from 2.0.0 to 2.1.0]]></title>
		<description lang="en"><![CDATA[With Share On MOD, users can share the topics in the following social networks:
- Facebook
- Twitter
- Digg
- Reddit
- Orkut
- Delicious
- Technorati
- Tuenti
- Sonico
- Friendfeed
- Tumblr
- Google+

You can follow the development through the repository: http://goo.gl/zGvsP

** FEATURES **
- ACP module to manage the MOD.
- Each button can be enabled/disabled individually.
- Buttons position.
- Check version: displays when a new version is available.]]></description>
		<author-group>
			<author>
				<realname><![CDATA[Salva]]></realname>
				<username><![CDATA[Saske1]]></username>
				<homepage><![CDATA[http://www.phpbb-es.com/]]></homepage>
				<email><![CDATA[salva_bxt@hotmail.com]]></email>
				<contributions-group>
					<contributions status="current" from="2011-06-07" position="Developer"/>
				</contributions-group>
			</author>
			<author>
				<realname><![CDATA[Marcus Vinicius]]></realname>
				<username><![CDATA[_Vinny_]]></username>
				<homepage><![CDATA[http://www.suportephpbb.com.br]]></homepage>
				<email><![CDATA[vinny@suportephpbb.com.br]]></email>
				<contributions-group>
					<contributions status="current" from="2011-07-03" position="Developer"/>
				</contributions-group>
			</author>
		</author-group>
		<mod-version>2.1.0</mod-version>
		<installation>
			<level>easy</level>
			<time>240</time>
			<target-version>3.0.11</target-version>
		</installation>
		<link-group>
			<link type="parent" href="../install.xml" lang="en">Main Install</link>
		</link-group>
	</header>
	<action-group>
		<copy>
			<file from="root/adm/style/acp_shareon.html" to="adm/style/acp_shareon.html"/>
			<file from="root/includes/acp/acp_shareon.php" to="includes/acp/acp_shareon.php"/>
			<file from="root/includes/acp/info/acp_shareon.php" to="includes/acp/info/acp_shareon.php"/>
			<file from="root/language/en/mods/info_acp_shareon.php" to="language/en/mods/info_acp_shareon.php"/>
			<file from="root/styles/prosilver/imageset/en/share_on_buttons/*.*" to="styles/prosilver/imageset/en/share_on_buttons/*.*"/>
			<file from="root/umil/*.*" to="umil/*.*"/>
			<file from="root/install.php" to="install.php"/>
		</copy>
		<open src="viewtopic.php">
			<edit>
				<find><![CDATA[		// Share On 2.0.0 MOD
		'U_FACEBOOK'	=> 'http://www.facebook.com/share.php?u=' . generate_board_url() . '/viewtopic.php?t='. $topic_data['topic_id'],
		'U_TWITTER'	=> 'http://twitter.com/?status=' . $topic_data['topic_title'] . '&nbsp;' . generate_board_url() . '/viewtopic.php?t=' . $topic_data['topic_id'],
		'U_DIGG'	=> 'http://digg.com/submit?phase=2&amp;url=' . generate_board_url() . '/viewtopic.php?t='. $topic_data['topic_id'] . '&amp;title=' . $topic_data['topic_title'],
		'U_MYSPACE'	=> 'http://www.myspace.com/Modules/PostTo/Pages/?u=' . generate_board_url() . '/viewtopic.php?t='. $topic_data['topic_id'] . '&amp;t=' . $topic_data['topic_title'],
		'U_DELICIOUS' 	=> 'http://delicious.com/post?url=' . generate_board_url() . '/viewtopic.php?t='. $topic_data['topic_id'] . '&amp;title=' . $topic_data['topic_title'],		
		'U_TECHNORATI'	=> 'http://technorati.com/faves?add=' . generate_board_url() . '/viewtopic.php?t='. $topic_data['topic_id'],
		'U_TUENTI'	=> 'http://www.tuenti.com/?m=Share&amp;func=index&amp;url=' . generate_board_url() . '/viewtopic.php?t='. $topic_data['topic_id'],
		'U_SONICO'	=> 'http://www.sonico.com/share.php?title=' . generate_board_url() . '/viewtopic.php?t='. $topic_data['topic_id'],
		'U_FRIENDFEED'	=> 'http://friendfeed.com/share?url=' . generate_board_url() . '/viewtopic.php?t='. $topic_data['topic_id'],
		// Share On 2.0.0 MOD]]></find>
				<action type="replace-with"><![CDATA[		// Share On 2.1.0 MOD
		'U_FACEBOOK'	=> "http://www.facebook.com/share.php?u=" . generate_board_url() . "/viewtopic.$phpEx?t=". $topic_data['topic_id'],
		'U_TWITTER'	=> 'http://twitter.com/?status=' . $topic_data['topic_title'] . '&nbsp;' . generate_board_url() . "/viewtopic.$phpEx?t=" . $topic_data['topic_id'],
		'U_DIGG'	=> 'http://digg.com/submit?phase=2&amp;url=' . generate_board_url() . "/viewtopic.$phpEx?t=". $topic_data['topic_id'] . '&amp;title=' . $topic_data['topic_title'],
		'U_MYSPACE'	=> 'http://www.myspace.com/Modules/PostTo/Pages/?u=' . generate_board_url() . "/viewtopic.$phpEx?t=". $topic_data['topic_id'] . '&amp;t=' . $topic_data['topic_title'],
		'U_DELICIOUS' 	=> 'http://delicious.com/post?url=' . generate_board_url() . "/viewtopic.$phpEx?t=". $topic_data['topic_id'] . '&amp;title=' . $topic_data['topic_title'],		
		'U_TECHNORATI'	=> 'http://technorati.com/faves?add=' . generate_board_url() . "/viewtopic.$phpEx?t=". $topic_data['topic_id'],
		'U_TUENTI'	=> 'http://www.tuenti.com/?m=Share&amp;func=index&amp;url=' . generate_board_url() . "/viewtopic.$phpEx?t=". $topic_data['topic_id'],
		'U_SONICO'	=> "http://www.sonico.com/share.php?title=" . generate_board_url() . "/viewtopic.$phpEx?t=". $topic_data['topic_id'],
		'U_FRIENDFEED'	=> 'http://friendfeed.com/share?url=' . generate_board_url() . "/viewtopic.$phpEx?t=". $topic_data['topic_id'],
		'U_TUMBLR'	=> 'http://www.tumblr.com/share/link?url=' . urlencode(generate_board_url() . "/viewtopic.$phpEx?t=". ($topic_data['topic_id'])) . '&amp;name=' . ($topic_data['topic_title']),
		'U_GOOGLE'	=> 'https://plus.google.com/share?url=' . generate_board_url() . "/viewtopic.$phpEx?t=". $topic_data['topic_id'],
		// Share On 2.1.0 MOD]]></action>
			</edit>
			<edit>
				<find><![CDATA[		// Share On 2.0.0 MOD	
		'S_SO_STATUS'		=> $config['so_status'],
		'S_SO_FACEBOOK'		=> $config['so_facebook'],
		'S_SO_TWITTER'		=> $config['so_twitter'],
		'S_SO_TUENTI'		=> $config['so_tuenti'],
		'S_SO_SONICO'		=> $config['so_sonico'],
		'S_SO_FRIENDFEED'	=> $config['so_friendfeed'],
		'S_SO_ORKUT'		=> $config['so_orkut'],
		'S_SO_DIGG'		=> $config['so_digg'],
		'S_SO_MYSPACE'		=> $config['so_myspace'],
		'S_SO_DELICIOUS' 	=> $config['so_delicious'],
		'S_SO_TECHNORATI'	=> $config['so_technorati'],
		'S_SHARE_ON_FIRST_POST'	=> ($row['post_id'] == $topic_data['topic_first_post_id']) ? true : false,
		// Share On 2.0.0 MOD]]></find>
				<action type="replace-with"><![CDATA[		// Share On 2.1.0 MOD
		'S_SO_STATUS'		=> (!empty($config['so_status'])) ? true : false,
		'S_SO_POSITION'		=> (!empty($config['so_position'])) ? true : false,
		'S_SO_FACEBOOK'		=> (!empty($config['so_facebook'])) ? true : false,
		'S_SO_TWITTER'		=> (!empty($config['so_twitter'])) ? true : false,
		'S_SO_TUENTI'		=> (!empty($config['so_tuenti'])) ? true : false,
		'S_SO_SONICO'		=> (!empty($config['so_sonico'])) ? true : false,
		'S_SO_FRIENDFEED'	=> (!empty($config['so_friendfeed'])) ? true : false,
		'S_SO_ORKUT'		=> (!empty($config['so_orkut'])) ? true : false,
		'S_SO_DIGG'			=> (!empty($config['so_digg'])) ? true : false,
		'S_SO_MYSPACE'		=> (!empty($config['so_myspace'])) ? true : false,
		'S_SO_DELICIOUS' 	=> (!empty($config['so_delicious'])) ? true : false,
		'S_SO_TECHNORATI'	=> (!empty($config['so_technorati'])) ? true : false,
		'S_SO_TUMBLR'		=> (!empty($config['so_tumblr'])) ? true : false,
		'S_SO_GOOGLE'		=> (!empty($config['so_google'])) ? true : false,
		// Share On 2.1.0 MOD]]></action>
			</edit>
		</open>
		<open src="styles/prosilver/template/viewtopic_body.html">
			<edit>
				<find><![CDATA[					<!-- Share_On_2.0.0_MOD -->
						<!-- IF postrow.S_SHARE_ON_FIRST_POST and postrow.S_SO_STATUS and S_USER_LOGGED_IN -->
							<!-- IF postrow.S_SO_FACEBOOK --><li class="facebook-icon"><a href="{postrow.U_FACEBOOK}" title="{L_SHARE_ON_FACEBOOK}" onclick="window.open(this.href);return false;"><span>{L_SHARE_ON_FACEBOOK}</span></a></li><!-- ENDIF -->
							<!-- IF postrow.S_SO_TWITTER --><li class="twitter-icon"><a href="{postrow.U_TWITTER}" title="{L_SHARE_ON_TWITTER}" onclick="window.open(this.href);return false;"><span>{L_SHARE_ON_TWITTER}</span></a></li><!-- ENDIF -->
							<!-- IF postrow.S_SO_TUENTI --><li class="tuenti-icon"><a href="{postrow.U_TUENTI}" title="{L_SHARE_ON_TUENTI}" onclick="window.open(this.href);return false;"><span>{L_SHARE_ON_TUENTI}</span></a></li><!-- ENDIF -->
							<!-- IF postrow.S_SO_SONICO --><li class="sonico-icon"><a href="{postrow.U_SONICO}" title="{L_SHARE_ON_SONICO}" onclick="window.open(this.href);return false;"><span>{L_SHARE_ON_SONICO}</span></a></li><!-- ENDIF -->
							<!-- IF postrow.S_SO_FRIENDFEED --><li class="friendfeed-icon"><a href="{postrow.U_FRIENDFEED}" title="{L_SHARE_ON_FRIENDFEED}" onclick="window.open(this.href);return false;"><span>{L_SHARE_ON_FRIENDFEED}</span></a></li><!-- ENDIF -->
							<!-- IF postrow.S_SO_ORKUT --><li class="orkut-icon"><a href="javascript:(function(){var d=document,l=d.location,e=encodeURIComponent,u='http://promote.orkut.com/preview?src=bkmrklt&amp;v=1&amp;nt=orkut.com&amp;du='+e(l.href)+'&amp;tt='+e(d.title),s='&amp;rdrinl=1';if(!window.open(u,'','height=575,width=700,directories=0,location=1,menubar=0,resizable=0,scrollbars=1,status=1,toolbar=0'))l.href=u+s;})();" title="{L_SHARE_ON_ORKUT}"><span>{L_SHARE_ON_ORKUT}</span></a></li><!-- ENDIF -->
							<!-- IF postrow.S_SO_DIGG --><li class="digg-icon"><a href="{postrow.U_DIGG}" title="{L_SHARE_ON_DIGG}" onclick="window.open(this.href);return false;"><span>{L_SHARE_ON_DIGG}</span></a></li><!-- ENDIF -->
							<!-- IF postrow.S_SO_MYSPACE --><li class="myspace-icon"><a href="{postrow.U_MYSPACE}" title="{L_SHARE_ON_MYSPACE}" onclick="window.open(this.href);return false;"><span>{L_SHARE_ON_MYSPACE}</span></a></li><!-- ENDIF -->
							<!-- IF postrow.S_SO_DELICIOUS --><li class="delicious-icon"><a href="{postrow.U_DELICIOUS}" title="{L_SHARE_ON_DELICIOUS}" onclick="window.open(this.href);return false;"><span>{L_SHARE_ON_DELICIOUS}</span></a></li><!-- ENDIF -->
							<!-- IF postrow.S_SO_TECHNORATI --><li class="technorati-icon"><a href="{postrow.U_TECHNORATI}" title="{L_SHARE_ON_TECHNORATI}" onclick="window.open(this.href);return false;"><span>{L_SHARE_ON_TECHNORATI}</span></a></li><!-- ENDIF -->
						<!-- ENDIF -->
					<!-- Share_On_2.0.0_MOD -->]]></find>
				<action type="replace-with"><![CDATA[					<!-- Share_On_2.1.0_MOD -->
					<!-- IF postrow.S_SO_POSITION eq 1 -->
						<!-- IF postrow.S_SO_STATUS and postrow.S_FIRST_ROW -->
							<!-- IF postrow.S_SO_FACEBOOK --><li class="facebook-icon"><a href="{postrow.U_FACEBOOK}" title="{L_SHARE_ON_FACEBOOK}" onclick="window.open(this.href);return false;"><span>{L_SHARE_ON_FACEBOOK}</span></a></li><!-- ENDIF -->
							<!-- IF postrow.S_SO_TWITTER --><li class="twitter-icon"><a href="{postrow.U_TWITTER}" title="{L_SHARE_ON_TWITTER}" onclick="window.open(this.href);return false;"><span>{L_SHARE_ON_TWITTER}</span></a></li><!-- ENDIF -->
							<!-- IF postrow.S_SO_TUENTI --><li class="tuenti-icon"><a href="{postrow.U_TUENTI}" title="{L_SHARE_ON_TUENTI}" onclick="window.open(this.href);return false;"><span>{L_SHARE_ON_TUENTI}</span></a></li><!-- ENDIF -->
							<!-- IF postrow.S_SO_SONICO --><li class="sonico-icon"><a href="{postrow.U_SONICO}" title="{L_SHARE_ON_SONICO}" onclick="window.open(this.href);return false;"><span>{L_SHARE_ON_SONICO}</span></a></li><!-- ENDIF -->
							<!-- IF postrow.S_SO_FRIENDFEED --><li class="friendfeed-icon"><a href="{postrow.U_FRIENDFEED}" title="{L_SHARE_ON_FRIENDFEED}" onclick="window.open(this.href);return false;"><span>{L_SHARE_ON_FRIENDFEED}</span></a></li><!-- ENDIF -->
							<!-- IF postrow.S_SO_ORKUT --><li class="orkut-icon"><a href="javascript:(function(){var d=document,l=d.location,e=encodeURIComponent,u='http://promote.orkut.com/preview?src=bkmrklt&amp;v=1&amp;nt=orkut.com&amp;du='+e(l.href)+'&amp;tt='+e(d.title),s='&amp;rdrinl=1';if(!window.open(u,'','height=575,width=700,directories=0,location=1,menubar=0,resizable=0,scrollbars=1,status=1,toolbar=0'))l.href=u+s;})();" title="{L_SHARE_ON_ORKUT}"><span>{L_SHARE_ON_ORKUT}</span></a></li><!-- ENDIF -->
							<!-- IF postrow.S_SO_DIGG --><li class="digg-icon"><a href="{postrow.U_DIGG}" title="{L_SHARE_ON_DIGG}" onclick="window.open(this.href);return false;"><span>{L_SHARE_ON_DIGG}</span></a></li><!-- ENDIF -->
							<!-- IF postrow.S_SO_MYSPACE --><li class="myspace-icon"><a href="{postrow.U_MYSPACE}" title="{L_SHARE_ON_MYSPACE}" onclick="window.open(this.href);return false;"><span>{L_SHARE_ON_MYSPACE}</span></a></li><!-- ENDIF -->
							<!-- IF postrow.S_SO_DELICIOUS --><li class="delicious-icon"><a href="{postrow.U_DELICIOUS}" title="{L_SHARE_ON_DELICIOUS}" onclick="window.open(this.href);return false;"><span>{L_SHARE_ON_DELICIOUS}</span></a></li><!-- ENDIF -->
							<!-- IF postrow.S_SO_TECHNORATI --><li class="technorati-icon"><a href="{postrow.U_TECHNORATI}" title="{L_SHARE_ON_TECHNORATI}" onclick="window.open(this.href);return false;"><span>{L_SHARE_ON_TECHNORATI}</span></a></li><!-- ENDIF -->
							<!-- IF postrow.S_SO_TUMBLR --><li class="tumblr-icon"><a href="{postrow.U_TUMBLR}" title="{L_SHARE_ON_TUMBLR}" onclick="window.open(this.href);return false;"><span>{L_SHARE_ON_TUMBLR}</span></a></li><!-- ENDIF -->
							<!-- IF postrow.S_SO_GOOGLE --><li class="google-icon"><a href="{postrow.U_GOOGLE}" title="{L_SHARE_ON_GOOGLE}" onclick="window.open(this.href);return false;"><span>{L_SHARE_ON_GOOGLE}</span></a></li><!-- ENDIF -->
						<!-- ENDIF -->
					<!-- ENDIF -->
					<!-- Share_On_2.1.0_MOD -->]]></action>
			</edit>
			<edit>
				<find><![CDATA[	<!-- Share_On_2.0.0_MOD -->
		<!-- IF postrow.S_FIRST_ROW and postrow.S_SO_STATUS and not S_USER_LOGGED_IN -->
			<div class="panel">
				<div class="inner">
					<span class="corners-top"><span></span></span>
					<h3>{L_SO_SELECT}</h3>
					<table width="100%">
						<tr>
							<!-- IF postrow.S_SO_FACEBOOK --><td align="center"><a href="{postrow.U_FACEBOOK}" onclick="window.open(this.href);return false;" title="{L_SHARE_ON_FACEBOOK}"><img src="{T_IMAGESET_LANG_PATH}/share_on_buttons/shareon_facebook.png" alt="{L_SHARE_ON_FACEBOOK}" /></a></td>
							<td><a href="{postrow.U_FACEBOOK}" onclick="window.open(this.href);return false;">Facebook</a></td> <!-- ENDIF -->

							<!-- IF postrow.S_SO_TWITTER --><td align="center"><a href="{postrow.U_TWITTER}" onclick="window.open(this.href);return false;" title="{L_SHARE_ON_TWITTER}"><img src="{T_IMAGESET_LANG_PATH}/share_on_buttons/shareon_twitter.png" alt="{L_SHARE_ON_TWITTER}" /></a></td>
							<td><a href="{postrow.U_TWITTER}" onclick="window.open(this.href);return false;">Twitter</a></td> <!-- ENDIF -->

							<!-- IF postrow.S_SO_TUENTI --><td align="center"><a href="{postrow.U_TUENTI}" onclick="window.open(this.href);return false;" title="{L_SHARE_ON_TUENTI}"><img src="{T_IMAGESET_LANG_PATH}/share_on_buttons/shareon_tuenti.png" alt="{L_SHARE_ON_TUENTI}" /></a></td>
							<td><a href="{postrow.U_TUENTI}" onclick="window.open(this.href);return false;">Tuenti</a></td> <!-- ENDIF -->

							<!-- IF postrow.S_SO_SONICO --><td align="center"><a href="{postrow.U_SONICO}" onclick="window.open(this.href);return false;" title="{L_SHARE_ON_SONICO}"><img src="{T_IMAGESET_LANG_PATH}/share_on_buttons/shareon_sonico.png" alt="{L_SHARE_ON_SONICO}" /></a></td>
							<td><a href="{postrow.U_SONICO}" onclick="window.open(this.href);return false;">Sonico</a></td> <!-- ENDIF -->

							<!-- IF postrow.S_SO_FRIENDFEED --><td align="center"><a href="{postrow.U_FRIENDFEED}" onclick="window.open(this.href);return false;" title="{L_SHARE_ON_FRIENDFEED}"><img src="{T_IMAGESET_LANG_PATH}/share_on_buttons/shareon_friendfeed.png" alt="{L_SHARE_ON_FRIENDFEED}" /></a></td>
							<td><a href="{postrow.U_FRIENDFEED}" onclick="window.open(this.href);return false;">FriendFeed</a></td> <!-- ENDIF -->

							<!-- IF postrow.S_SO_ORKUT --><td align="center"><a title="{L_SHARE_ON_ORKUT}" href="javascript:(function(){var d=document,l=d.location,e=encodeURIComponent,u='http://promote.orkut.com/preview?src=bkmrklt&amp;v=1&amp;nt=orkut.com&amp;du='+e(l.href)+'&amp;tt='+e(d.title),s='&amp;rdrinl=1';if(!window.open(u,'','height=575,width=700,directories=0,location=1,menubar=0,resizable=0,scrollbars=1,status=1,toolbar=0'))l.href=u+s;})();" ><img src="{T_IMAGESET_LANG_PATH}/share_on_buttons/shareon_orkut.gif" alt="{L_SHARE_ON_ORKUT}" /></a></td>
							<td><a href="javascript:(function(){var d=document,l=d.location,e=encodeURIComponent,u='http://promote.orkut.com/preview?src=bkmrklt&amp;v=1&amp;nt=orkut.com&amp;du='+e(l.href)+'&amp;tt='+e(d.title),s='&amp;rdrinl=1';if(!window.open(u,'','height=575,width=700,directories=0,location=1,menubar=0,resizable=0,scrollbars=1,status=1,toolbar=0'))l.href=u+s;})();">Orkut</a></td> <!-- ENDIF -->

							<!-- IF postrow.S_SO_DIGG --><td align="center"><a href="{postrow.U_DIGG}" onclick="window.open(this.href);return false;" title="{L_SHARE_ON_DIGG}"><img src="{T_IMAGESET_LANG_PATH}/share_on_buttons/shareon_digg.gif" alt="{L_SHARE_ON_DIGG}" /></a></td>
							<td><a href="{postrow.U_DIGG}" onclick="window.open(this.href);return false;">Digg</a></td> <!-- ENDIF -->

							<!-- IF postrow.S_SO_MYSPACE --><td align="center"><a href="{postrow.U_MYSPACE}" onclick="window.open(this.href);return false;" title="{L_SHARE_ON_MYSPACE}"><img src="{T_IMAGESET_LANG_PATH}/share_on_buttons/shareon_myspace.png" alt="{L_SHARE_ON_MYSPACE}" /></a></td>
							<td><a href="{postrow.U_MYSPACE}" onclick="window.open(this.href);return false;">MySpace</a></td> <!-- ENDIF -->

							<!-- IF postrow.S_SO_DELICIOUS --><td align="center"><a href="{postrow.U_DELICIOUS}" onclick="window.open(this.href);return false;" title="{L_SHARE_ON_DELICIOUS}"><img src="{T_IMAGESET_LANG_PATH}/share_on_buttons/shareon_delicious.gif" alt="{L_SHARE_ON_DELICIOUS}" /></a></td>
							<td><a href="{postrow.U_DELICIOUS}" onclick="window.open(this.href);return false;">Delicious</a></td> <!-- ENDIF -->

							<!-- IF postrow.S_SO_TECHNORATI --><td align="center"><a href="{postrow.U_TECHNORATI}" onclick="window.open(this.href);return false;" title="{L_SHARE_ON_TECHNORATI}"><img src="{T_IMAGESET_LANG_PATH}/share_on_buttons/shareon_technorati.png" alt="{L_SHARE_ON_TECHNORATI}" /></a></td>
							<td><a href="{postrow.U_TECHNORATI}" onclick="window.open(this.href);return false;">Technorati</a></td>	<!-- ENDIF -->				   
						</tr>   			
					</table>
					<span class="corners-bottom"><span></span></span>
				</div>
			</div>
		<!-- ENDIF -->
	<!-- Share_On_2.0.0_MOD -->]]></find>
				<action type="replace-with"><![CDATA[	<!-- Share_On_2.1.0_MOD -->
	<!-- IF postrow.S_SO_POSITION eq 0 -->
		<!-- IF postrow.S_SO_STATUS and postrow.S_FIRST_ROW -->
			<div class="panel">
				<div class="inner">
					<span class="corners-top"><span></span></span>
					<h3>{L_SO_SELECT}</h3>
					<table width="100%">
						<tr>
							<!-- IF postrow.S_SO_FACEBOOK --><td align="right"><a href="{postrow.U_FACEBOOK}" onclick="window.open(this.href);return false;" title="{L_SHARE_ON_FACEBOOK}"><img src="{T_IMAGESET_LANG_PATH}/share_on_buttons/shareon_facebook.png" alt="{L_SHARE_ON_FACEBOOK}" /></a></td>
							<td><a href="{postrow.U_FACEBOOK}" onclick="window.open(this.href);return false;">{L_SO_FACEBOOK}</a></td> <!-- ENDIF -->

							<!-- IF postrow.S_SO_TWITTER --><td align="right"><a href="{postrow.U_TWITTER}" onclick="window.open(this.href);return false;" title="{L_SHARE_ON_TWITTER}"><img src="{T_IMAGESET_LANG_PATH}/share_on_buttons/shareon_twitter.png" alt="{L_SHARE_ON_TWITTER}" /></a></td>
							<td><a href="{postrow.U_TWITTER}" onclick="window.open(this.href);return false;">{L_SO_TWITTER}</a></td> <!-- ENDIF -->

							<!-- IF postrow.S_SO_TUENTI --><td align="right"><a href="{postrow.U_TUENTI}" onclick="window.open(this.href);return false;" title="{L_SHARE_ON_TUENTI}"><img src="{T_IMAGESET_LANG_PATH}/share_on_buttons/shareon_tuenti.png" alt="{L_SHARE_ON_TUENTI}" /></a></td>
							<td><a href="{postrow.U_TUENTI}" onclick="window.open(this.href);return false;">{L_SO_TUENTI}</a></td> <!-- ENDIF -->

							<!-- IF postrow.S_SO_SONICO --><td align="right"><a href="{postrow.U_SONICO}" onclick="window.open(this.href);return false;" title="{L_SHARE_ON_SONICO}"><img src="{T_IMAGESET_LANG_PATH}/share_on_buttons/shareon_sonico.png" alt="{L_SHARE_ON_SONICO}" /></a></td>
							<td><a href="{postrow.U_SONICO}" onclick="window.open(this.href);return false;">{L_SO_SONICO}</a></td> <!-- ENDIF -->

							<!-- IF postrow.S_SO_FRIENDFEED --><td align="right"><a href="{postrow.U_FRIENDFEED}" onclick="window.open(this.href);return false;" title="{L_SHARE_ON_FRIENDFEED}"><img src="{T_IMAGESET_LANG_PATH}/share_on_buttons/shareon_friendfeed.png" alt="{L_SHARE_ON_FRIENDFEED}" /></a></td>
							<td><a href="{postrow.U_FRIENDFEED}" onclick="window.open(this.href);return false;">{L_SO_FRIENDFEED}</a></td> <!-- ENDIF -->

							<!-- IF postrow.S_SO_ORKUT --><td align="right"><a title="{L_SHARE_ON_ORKUT}" href="javascript:(function(){var d=document,l=d.location,e=encodeURIComponent,u='http://promote.orkut.com/preview?src=bkmrklt&amp;v=1&amp;nt=orkut.com&amp;du='+e(l.href)+'&amp;tt='+e(d.title),s='&amp;rdrinl=1';if(!window.open(u,'','height=575,width=700,directories=0,location=1,menubar=0,resizable=0,scrollbars=1,status=1,toolbar=0'))l.href=u+s;})();" ><img src="{T_IMAGESET_LANG_PATH}/share_on_buttons/shareon_orkut.gif" alt="{L_SHARE_ON_ORKUT}" /></a></td>
							<td><a href="javascript:(function(){var d=document,l=d.location,e=encodeURIComponent,u='http://promote.orkut.com/preview?src=bkmrklt&amp;v=1&amp;nt=orkut.com&amp;du='+e(l.href)+'&amp;tt='+e(d.title),s='&amp;rdrinl=1';if(!window.open(u,'','height=575,width=700,directories=0,location=1,menubar=0,resizable=0,scrollbars=1,status=1,toolbar=0'))l.href=u+s;})();">{L_SO_ORKUT}</a></td> <!-- ENDIF -->

							<!-- IF postrow.S_SO_DIGG --><td align="right"><a href="{postrow.U_DIGG}" onclick="window.open(this.href);return false;" title="{L_SHARE_ON_DIGG}"><img src="{T_IMAGESET_LANG_PATH}/share_on_buttons/shareon_digg.gif" alt="{L_SHARE_ON_DIGG}" /></a></td>
							<td><a href="{postrow.U_DIGG}" onclick="window.open(this.href);return false;">{L_SO_DIGG}</a></td> <!-- ENDIF -->

							<!-- IF postrow.S_SO_MYSPACE --><td align="right"><a href="{postrow.U_MYSPACE}" onclick="window.open(this.href);return false;" title="{L_SHARE_ON_MYSPACE}"><img src="{T_IMAGESET_LANG_PATH}/share_on_buttons/shareon_myspace.png" alt="{L_SHARE_ON_MYSPACE}" /></a></td>
							<td><a href="{postrow.U_MYSPACE}" onclick="window.open(this.href);return false;">{L_SO_MYSPACE}</a></td> <!-- ENDIF -->

							<!-- IF postrow.S_SO_DELICIOUS --><td align="right"><a href="{postrow.U_DELICIOUS}" onclick="window.open(this.href);return false;" title="{L_SHARE_ON_DELICIOUS}"><img src="{T_IMAGESET_LANG_PATH}/share_on_buttons/shareon_delicious.gif" alt="{L_SHARE_ON_DELICIOUS}" /></a></td>
							<td><a href="{postrow.U_DELICIOUS}" onclick="window.open(this.href);return false;">{L_SO_DELICIOUS}</a></td> <!-- ENDIF -->

							<!-- IF postrow.S_SO_TECHNORATI --><td align="right"><a href="{postrow.U_TECHNORATI}" onclick="window.open(this.href);return false;" title="{L_SHARE_ON_TECHNORATI}"><img src="{T_IMAGESET_LANG_PATH}/share_on_buttons/shareon_technorati.png" alt="{L_SHARE_ON_TECHNORATI}" /></a></td>
							<td><a href="{postrow.U_TECHNORATI}" onclick="window.open(this.href);return false;">{L_SO_TECHNORATI}</a></td>	<!-- ENDIF -->

							<!-- IF postrow.S_SO_TUMBLR --><td align="right"><a href="{postrow.U_TUMBLR}" onclick="window.open(this.href);return false;" title="{L_SHARE_ON_TUMBLR}"><img src="{T_IMAGESET_LANG_PATH}/share_on_buttons/shareon_tumblr.png" alt="{L_SHARE_ON_TUMBLR}" /></a></td>
							<td><a href="{postrow.U_TUMBLR}" onclick="window.open(this.href);return false;">{L_SO_TUMBLR}</a></td><!-- ENDIF -->
							
							<!-- IF postrow.S_SO_GOOGLE --><td align="right"><a href="{postrow.U_GOOGLE}" onclick="window.open(this.href);return false;" title="{L_SHARE_ON_GOOGLE}"><img src="{T_IMAGESET_LANG_PATH}/share_on_buttons/shareon_google.gif" alt="{L_SHARE_ON_GOOGLE}"/></a></td>
							<td><a href="{postrow.U_GOOGLE}" onclick="window.open(this.href);return false;">{L_SO_GOOGLE}</a></td><!-- ENDIF -->
						</tr>   			
					</table>
					<span class="corners-bottom"><span></span></span>
				</div>
			</div>
		<!-- ENDIF -->
	<!-- ENDIF -->
	<!-- Share_On_2.1.0_MOD -->]]></action>
			</edit>
		</open>
		<open src="styles/prosilver/theme/buttons.css">
			<edit>
				<find><![CDATA[.technorati-icon, .technorati-icon a	{ background: none top left no-repeat; }]]></find>
				<action type="after-add"><![CDATA[.tumblr-icon, .tumblr-icon a		{ background: none top left no-repeat; }
.google-icon, .google-icon a		{ background: none top left no-repeat; }]]></action>
			</edit>
			<edit>
				<find><![CDATA[ul.profile-icons li.technorati-icon	{ width: 20px; height: 20px; }]]></find>
				<action type="after-add"><![CDATA[ul.profile-icons li.tumblr-icon		{ width: 20px; height: 20px; }
ul.profile-icons li.google-icon		{ width: 20px; height: 20px; }]]></action>
			</edit>
		</open>
		<open src="styles/prosilver/theme/colours.css">
			<edit>
				<find><![CDATA[.technorati-icon, .technorati-icon a	{ background-image: url("{T_IMAGESET_LANG_PATH}/share_on_buttons/shareon_technorati.png"); }]]></find>
				<action type="after-add"><![CDATA[.tumblr-icon, .tumblr-icon a		{ background-image: url("{T_IMAGESET_LANG_PATH}/share_on_buttons/shareon_tumblr.png"); }
.google-icon, .google-icon a		{ background-image: url("{T_IMAGESET_LANG_PATH}/share_on_buttons/shareon_google.gif"); }]]></action>
			</edit>
		</open>
		<php-installer><![CDATA[install.php]]></php-installer>
	</action-group>
</mod>
